Chromosome,Position,Sample1 A,Sample1 B,Sample2 A,Sample2 B,Sample3 A,Sample3 B,Sample4 A,Sample4 B,Sample5 A,Sample5 B,Sample6 A,Sample6 B
chra,6,0,17,10,17,2,30,19,0,1,0,13,9
chra,167,10,10,8,14,15,16,2,15,14,2,6,0
chra,249,19,1,10,16,8,0,1,0,9,0,18,8
chra,288,10,9,13,0,0,20,7,15,8,0,8,12
chra,329,13,15,0,1,3,11,4,18,18,4,6,12
chra,633,5,7,5,12,15,3,14,4,10,1,8,1
chra,641,6,5,4,9,14,19,18,5,9,13,4,19
chra,674,14,14,11,11,2,18,22,8,24,8,5,6
chra,680,13,5,2,41,14,4,5,10,12,1,4,27
chra,828,1,0,12,19,10,13,7,15,5,0,15,4
chra,832,10,14,11,5,6,16,15,22,4,18,4,23
chra,983,13,3,14,20,14,9,1,4,5,0,11,6
chra,1051,12,3,8,1,12,9,14,2,19,6,12,3
chra,1093,18,0,7,13,9,10,0,1,0,5,9,11
chra,1111,6,21,1,0,19,0,1,0,3,13,5,2
chra,1580,19,2,8,5,5,9,28,0,36,0,0,19
chra,1726,11,2,21,5,8,9,2,17,15,0,16,17
chra,1889,13,5,5,4,10,7,7,27,28,6,11,5
chra,1931,6,4,13,0,21,0,19,10,1,2,4,24
chra,2072,8,8,0,3,15,5,7,1,22,0,0,22
chra,2305,13,4,13,6,13,0,6,1,11,16,3,0
chra,2565,14,0,10,13,22,12,9,5,20,1,9,23
chra,2602,3,8,8,16,8,12,17,17,7,10,14,8
chra,2688,10,2,2,12,13,4,11,10,8,8,2,11
chra,2771,17,11,12,22,6,26,5,26,1,31,25,0
chra,2888,5,17,8,12,12,0,7,10,8,1,18,1
chra,2901,17,0,24,0,3,13,0,1,15,0,2,14
chra,3004,2,17,14,9,1,0,14,0,13,5,18,3
chra,3026,8,14,1,1,11,1,3,18,11,19,0,1
chra,3039,14,6,3,6,2,0,28,8,29,12,4,7
chra,3298,9,5,4,20,28,4,33,4,4,8,7,9
chra,3447,8,8,1,4,7,3,17,14,15,19,3,11
chra,3673,4,29,11,0,20,4,17,2,12,2,9,16
chra,3791,17,17,2,18,9,3,5,29,2,17,42,0
chra,3798,4,19,15,0,17,5,5,7,5,9,6,4
chra,3967,18,18,2,32,9,13,8,4,6,2,7,16
chra,4107,11,15,1,0,9,8,1,0,10,16,13,3
chra,4131,4,2,13,0,17,4,8,11,14,7,8,6
chra,4242,17,1,31,4,0,1,8,7,10,2,4,9
chra,4439,6,6,16,9,4,32,11,2,11,10,15,30
chra,4456,13,6,26,3,32,0,11,6,7,17,5,8
chra,4596,27,1,29,3,23,2,0,17,14,3,9,0
chra,4647,13,2,24,0,7,26,25,0,0,1,2,22
chra,4737,2,6,22,0,6,11,0,18,18,27,9,0
chra,4889,1,0,41,7,5,18,12,19,3,1,19,11
chra,4932,16,6,23,1,11,16,9,8,0,1,28,0
chra,5030,25,6,7,4,0,8,5,2,10,14,5,11
chra,5098,6,9,10,17,3,30,4,0,11,20,17,14
chra,5131,29,1,11,6,0,27,6,17,8,25,6,8
chra,5249,23,0,12,15,5,5,9,6,17,9,4,21
chra,5361,7,29,8,6,3,17,6,21,13,15,20,0
chra,5435,10,0,4,6,10,3,6,14,28,2,20,9
chra,5527,13,2,20,0,3,17,6,26,7,0,32,4
chra,5531,4,15,21,14,22,9,20,6,32,2,3,10
chra,5532,13,1,9,12,43,0,0,6,4,12,11,3
chra,5653,8,1,9,13,18,11,4,21,4,6,2,8
chra,5751,6,25,20,19,14,0,6,8,5,1,5,12
chra,5868,10,23,19,0,6,21,5,12,16,8,31,12
chra,5920,18,13,3,13,18,7,30,0,11,8,27,9
chra,6041,37,0,19,0,18,4,5,2,6,13,9,0
chra,6212,10,1,10,8,8,21,7,5,4,13,1,10
chra,6249,21,0,12,8,10,12,8,8,2,0,15,0
chra,6281,7,19,12,18,21,3,13,11,9,15,10,10
chra,6422,2,6,17,0,24,2,25,18,14,16,29,12
chra,6571,14,15,4,5,3,0,2,29,6,20,15,6
chra,6624,9,1,3,22,3,12,8,15,7,11,5,19
chra,6722,17,11,9,12,16,3,4,10,4,16,12,3
chra,6732,24,8,33,0,23,1,5,5,0,4,3,3
chra,6735,1,19,2,16,1,20,15,0,9,18,12,1
chra,6875,9,1,17,0,22,3,4,12,13,20,18,0
chra,6992,14,12,11,3,9,1,6,5,7,11,9,1
chra,7012,4,9,17,1,3,21,2,7,1,1,2,16
chra,7209,23,11,14,22,36,0,3,15,14,0,9,7
chra,7238,19,1,12,3,9,30,6,4,28,1,14,7
chra,7460,5,15,5,20,11,16,8,2,14,18,21,11
chra,7676,24,2,5,3,5,6,27,0,13,15,8,35
chra,7678,1,21,6,16,25,0,11,8,32,0,4,29
chra,7715,6,23,17,9,16,0,13,18,7,2,1,0
chra,7729,4,24,16,4,12,4,6,24,24,12,11,17
chra,7885,8,18,8,1,1,16,18,6,0,1,13,0
chra,8008,6,1,32,11,8,31,1,1,2,5,26,11
chra,8053,10,7,15,0,4,1,18,2,7,17,14,0
chra,8134,2,5,12,12,13,18,8,13,9,16,31,0
chra,8218,10,14,3,2,4,13,2,16,16,2,24,12
chra,8345,14,0,4,31,18,2,8,2,12,6,0,1
chra,8484,15,15,8,4,6,5,10,13,22,3,29,15
chra,8495,40,4,1,11,1,0,10,0,4,41,5,11
chra,8554,3,20,10,0,6,36,18,6,3,25,5,7
chra,8660,22,8,16,3,14,7,24,2,6,28,12,9
chra,8745,11,2,4,20,5,14,18,1,17,18,13,10
chra,8766,8,13,2,30,13,2,4,7,15,0,11,4
chra,8825,3,3,8,13,5,6,16,4,18,12,4,3
chra,9095,21,3,22,0,13,10,34,0,9,2,12,4
chra,9123,0,1,0,3,3,18,4,1,5,20,3,8
chra,9125,20,13,9,6,7,13,2,1,15,2,3,21
chra,9277,18,2,11,1,23,0,23,0,15,25,13,6
chra,9297,20,9,4,4,10,8,4,2,3,1,19,6
chra,9443,9,7,12,9,24,9,22,0,3,20,16,6
chra,9684,1,23,7,8,1,0,8,7,14,4,9,20
chra,9915,2,5,4,1,5,11,0,10,7,1,18,16
chrb,239,13,13,7,0,5,18,15,2,11,27,9,5
chrb,387,1,16,22,12,0,8,1,24,8,25,6,8
chrb,534,23,2,24,0,14,0,3,1,4,3,9,2
chrb,977,3,37,15,0,13,14,13,4,1,1,36,8
chrb,982,0,1,5,4,5,6,15,8,27,3,0,3
chrb,1037,5,0,16,0,17,3,7,8,13,0,7,0
chrb,1067,1,12,7,17,18,13,8,6,1,6,7,27
chrb,1242,11,8,8,16,13,3,11,15,1,2,12,2
chrb,1413,10,15,6,7,12,15,18,4,7,18,2,11
chrb,1489,10,7,3,4,18,5,22,10,6,19,1,0
chrb,1525,20,0,11,10,8,12,2,6,22,0,18,0
chrb,1777,6,0,8,4,34,0,6,14,22,0,7,6
chrb,1786,0,8,27,0,24,0,17,2,11,1,5,0
chrb,1787,32,7,8,0,13,10,20,6,14,15,3,4
chrb,2149,16,7,13,15,5,0,11,0,14,11,10,24
chrb,2209,5,31,5,15,21,22,20,0,9,19,22,8
chrb,2272,28,0,10,12,2,6,21,12,0,1,6,6
chrb,2273,1,3,0,5,21,13,24,8,9,0,25,4
chrb,2274,8,10,7,0,14,1,10,25,14,6,8,8
chrb,2284,21,12,4,26,25,0,1,11,16,17,7,1
chrb,2323,22,11,34,0,7,7,17,0,12,15,1,0
chrb,2360,24,11,11,6,1,0,13,1,0,16,9,17
chrb,2557,4,29,14,13,15,5,26,6,14,5,3,19
chrb,2663,26,0,0,16,4,14,3,8,10,4,1,13
chrb,2717,20,5,23,0,38,4,13,17,10,7,20,6
chrb,2794,1,21,0,16,28,9,13,22,9,2,2,32
chrb,2920,24,0,10,14,18,3,6,17,15,4,23,0
chrb,3131,30,2,10,5,9,6,17,4,16,1,5,13
chrb,3259,4,0,13,12,0,16,11,10,10,16,5,27
chrb,3287,19,14,6,7,6,20,6,11,13,9,25,0
chrb,3394,32,13,10,3,29,2,0,7,4,17,12,28
chrb,3414,28,0,8,9,21,8,3,0,14,7,6,16
chrb,3539,10,17,9,5,16,11,9,23,28,0,3,29
chrb,3655,6,22,17,12,7,13,5,7,14,4,5,23
chrb,3682,5,0,17,4,30,6,16,4,3,7,2,3
chrb,3807,20,9,29,0,6,12,1,11,25,1,8,12
chrb,3816,17,3,6,6,9,14,3,1,16,13,9,15
chrb,3877,8,19,13,0,9,9,3,22,3,34,13,15
chrb,4130,8,4,6,7,0,1,3,1,13,8,11,13
chrb,4341,17,28,3,9,11,0,16,2,9,8,28,0
chrb,4369,7,19,30,2,7,5,17,8,12,8,6,27
chrb,4433,24,4,18,23,14,20,16,7,17,12,3,22
chrb,4455,22,6,7,5,23,0,22,7,3,4,1,1
chrb,4984,18,7,3,24,11,22,1,0,11,0,7,6
chrb,5211,21,4,8,0,1,17,9,0,16,1,3,10
chrb,5357,14,0,12,19,22,4,5,32,5,0,31,0
chrb,5364,24,8,0,2,0,3,9,18,22,0,12,0
chrb,5424,7,10,4,18,10,11,18,3,14,0,9,4
chrb,5744,4,7,1,6,2,12,1,1,1,31,0,7
chrb,6017,7,22,13,10,4,4,15,0,8,9,11,2
chrb,6045,2,21,23,4,0,7,0,5,21,0,0,18
chrb,6079,11,13,11,27,0,20,19,2,2,13,10,6
chrb,6096,13,5,4,10,18,5,23,15,10,13,4,17
chrb,6252,16,16,8,10,13,0,0,21,6,10,3,18
chrb,6272,1,24,25,3,14,15,8,35,8,6,5,5
chrb,6403,36,0,6,0,13,3,2,34,14,0,1,0
chrb,6433,28,5,7,12,21,0,18,4,3,2,3,12
chrb,6489,6,15,19,1,13,15,3,6,44,0,14,6
chrb,6497,6,3,13,23,15,3,1,2,24,7,32,0
chrb,6523,10,12,18,0,6,10,7,9,5,26,2,8
chrb,6568,11,12,1,23,5,12,10,18,1,24,4,10
chrb,7137,9,2,17,8,11,7,10,3,23,7,8,14
chrb,7195,12,3,25,1,5,8,17,5,14,16,10,0
chrb,7285,4,9,14,25,3,8,2,9,12,12,8,12
chrb,7293,6,13,4,1,21,8,17,15,13,12,3,8
chrb,7376,2,21,4,16,15,13,4,11,1,0,15,0
chrb,7436,24,0,1,0,29,0,9,14,20,5,13,4
chrb,7448,7,21,15,5,25,6,6,1,6,6,12,9
chrb,7459,2,10,3,1,5,16,0,8,6,12,15,1
chrb,7480,4,12,2,24,8,8,24,8,3,1,3,4
chrb,7545,27,3,20,8,20,18,7,3,4,14,10,2
chrb,7620,21,0,3,15,19,3,4,20,14,8,41,0
chrb,7623,6,22,10,22,9,15,9,25,1,0,13,1
chrb,7747,3,28,14,9,4,3,3,17,11,7,16,5
chrb,7773,29,0,3,4,4,5,22,0,26,3,11,13
chrb,7825,23,2,0,1,8,16,19,9,10,7,7,2
chrb,7851,1,0,17,0,5,25,12,0,2,12,2,14
chrb,7882,16,9,16,0,7,12,25,6,30,11,11,1
chrb,7975,7,19,3,16,1,8,6,18,31,8,0,12
chrb,8041,5,13,20,3,15,13,29,0,6,14,3,3
chrb,8070,12,15,1,5,13,9,30,0,6,8,5,24
chrb,8100,9,0,12,3,4,25,1,0,23,0,0,10
chrb,8530,8,16,20,1,2,26,4,7,8,5,1,6
chrb,8741,0,1,6,14,8,21,8,12,10,8,17,0
chrb,8820,32,0,6,9,20,0,12,1,10,14,33,9
chrb,8903,6,9,21,19,5,9,25,3,15,4,21,2
chrb,9142,4,10,28,7,19,13,5,6,11,0,2,22
chrb,9216,7,8,1,3,11,5,8,10,5,24,14,3
chrb,9258,6,16,1,2,6,1,9,3,17,4,8,10
chrb,9554,9,13,15,8,7,31,3,3,1,20,22,8
chrb,9572,11,29,27,6,12,11,15,4,16,8,2,10
chrb,9584,19,4,8,3,18,14,2,2,12,13,17,22
chrb,9671,11,13,10,9,6,14,9,10,5,21,6,9
chrb,9685,21,9,14,6,11,0,13,9,7,9,21,3
chrb,9702,8,12,1,14,15,5,10,0,20,3,4,15
chrb,9740,14,5,12,0,11,3,7,18,2,6,14,12
chrb,9804,21,6,27,5,12,17,18,16,2,1,1,0
chrb,9845,13,0,20,14,20,7,8,8,18,12,15,20
chrb,9882,5,1,2,11,14,6,8,4,6,20,5,17
chrb,9910,7,3,8,4,12,0,30,0,12,12,6,18
chrc,42,12,16,19,7,1,11,1,0,1,0,3,0
chrc,61,10,2,1,0,29,0,13,6,14,2,6,14
chrc,176,9,18,17,3,13,19,11,20,7,11,1,11
chrc,285,14,24,8,4,15,12,0,1,7,10,8,7
chrc,309,20,3,21,7,1,0,28,14,23,3,0,5
chrc,478,1,17,13,1,5,8,13,23,29,0,34,0
chrc,544,3,0,14,5,12,1,5,2,8,5,5,12
chrc,663,10,1,14,4,4,14,21,4,2,11,14,12
chrc,728,8,15,1,3,5,13,18,9,18,13,14,5
chrc,741,1,26,18,15,20,5,16,0,21,1,12,7
chrc,857,0,1,7,31,4,11,9,6,5,11,1,0
chrc,921,5,16,4,13,9,0,28,0,10,8,0,1
chrc,1014,3,1,22,0,22,3,4,7,37,0,16,8
chrc,1029,6,7,10,25,7,16,23,3,28,2,27,5
chrc,1077,5,33,15,10,4,19,15,3,3,5,7,12
chrc,1121,14,15,8,5,0,1,8,2,14,3,0,18
chrc,1434,13,8,0,1,11,8,24,19,13,2,18,5
chrc,1477,7,27,5,18,11,2,9,0,3,9,12,7
chrc,1819,18,3,20,0,15,0,13,11,12,9,10,8
chrc,1836,27,5,1,21,6,9,0,1,17,0,11,20
chrc,1869,22,2,3,11,5,19,2,16,37,0,23,0
chrc,2253,15,7,20,0,10,13,16,8,21,5,1,40
chrc,2270,3,22,4,20,11,12,18,2,15,10,18,6
chrc,2274,5,15,0,5,0,7,12,5,5,19,11,2
chrc,2499,5,17,16,5,1,10,7,20,4,5,5,3
chrc,2546,16,8,1,0,1,15,9,8,1,22,18,5
chrc,2645,17,10,10,4,10,6,11,10,18,20,4,3
chrc,2769,9,1,10,24,26,16,9,12,6,15,40,0
chrc,2824,1,0,14,15,3,12,10,1,2,19,0,9
chrc,2984,11,6,17,9,19,0,15,9,6,1,10,7
chrc,2997,0,18,14,8,11,2,6,0,9,0,18,1
chrc,3036,7,8,1,5,22,6,1,8,10,13,4,14
chrc,3354,10,5,9,3,10,22,16,12,9,13,25,0
chrc,3448,18,3,18,6,7,6,0,1,23,5,6,15
chrc,3580,5,1,19,8,11,7,23,2,14,6,6,12
chrc,3646,28,2,7,8,21,4,17,9,18,17,28,3
chrc,3698,24,11,1,0,3,16,9,2,23,3,2,9
chrc,3736,34,0,17,12,5,0,13,6,29,0,10,0
chrc,3862,3,10,7,2,9,4,9,8,10,3,3,29
chrc,4182,3,3,2,12,3,3,7,6,18,4,12,8
chrc,4457,7,1,2,6,10,3,1,12,11,4,15,11
chrc,4567,17,7,11,0,6,7,0,1,10,6,11,11
chrc,4719,12,2,2,10,23,3,5,0,3,6,3,29
chrc,4786,4,13,4,8,21,4,14,4,20,3,2,14
chrc,4822,4,7,10,1,14,1,6,9,3,6,5,16
chrc,4823,13,20,11,6,4,8,9,5,1,0,7,7
chrc,4834,15,12,4,12,28,8,10,4,5,25,3,9
chrc,5210,8,6,27,2,35,3,13,15,9,8,16,5
chrc,5281,1,0,16,1,3,8,12,9,1,0,16,8
chrc,5380,4,11,24,0,9,11,2,7,27,2,3,25
chrc,5647,6,1,2,17,2,9,0,13,0,1,24,0
chrc,5683,3,2,6,0,1,11,5,13,14,5,2,9
chrc,5717,19,0,14,14,18,16,4,12,0,1,4,28
chrc,5741,2,8,10,10,1,18,3,7,9,3,1,0
chrc,5811,21,2,9,5,17,20,3,9,4,0,6,15
chrc,5836,17,4,17,4,19,6,7,13,24,0,1,0
chrc,5853,5,10,13,0,8,23,18,12,11,8,3,27
chrc,5988,3,26,5,17,1,0,23,11,27,3,4,10
chrc,6036,0,11,12,5,0,1,32,3,8,7,20,14
chrc,6120,13,9,9,7,8,21,23,13,5,0,13,1
chrc,6136,14,8,3,5,7,8,17,2,35,1,5,4
chrc,6210,2,4,29,2,0,1,5,14,1,0,1,13
chrc,6381,6,7,6,21,23,9,1,9,22,0,14,1
chrc,6466,17,0,31,1,12,7,8,1,12,9,13,6
chrc,6538,3,3,3,16,1,9,17,14,7,17,10,0
chrc,6718,12,1,11,0,19,6,15,8,9,0,3,1
chrc,6763,7,15,2,0,4,24,13,4,5,24,4,16
chrc,7019,44,0,14,10,16,19,6,19,7,18,1,13
chrc,7024,12,6,15,4,3,6,17,0,6,15,1,4
chrc,7143,27,3,12,1,2,1,22,0,14,7,17,2
chrc,7203,18,5,6,1,4,9,20,11,17,0,1,0
chrc,7205,8,2,13,16,15,13,12,8,0,10,5,26
chrc,7249,4,24,31,0,29,0,12,10,15,15,14,10
chrc,7260,18,2,24,8,8,2,6,17,9,16,15,4
chrc,7362,1,6,0,18,10,6,2,2,17,10,6,10
chrc,7438,9,2,1,12,5,6,15,4,1,11,3,11
chrc,7499,0,11,13,19,12,12,5,0,1,21,24,2
chrc,7638,10,20,14,15,10,10,19,0,6,27,14,6
chrc,7685,13,0,1,9,31,0,3,3,19,5,5,11
chrc,7768,8,4,4,33,9,1,21,7,11,10,1,22
chrc,7821,5,7,0,4,3,25,2,12,9,5,9,8
chrc,7854,10,30,3,12,10,8,17,12,10,12,5,13
chrc,7876,1,13,6,15,8,24,13,7,11,10,3,5
chrc,7880,22,3,20,22,8,10,18,0,16,9,0,8
chrc,7907,3,10,1,0,19,8,13,2,5,0,25,0
chrc,7909,5,17,21,10,4,2,9,3,6,8,10,7
chrc,8015,1,26,12,13,3,17,6,19,18,2,2,7
chrc,8249,20,7,6,24,16,0,7,11,1,0,6,0
chrc,8369,13,10,6,2,4,19,5,21,5,14,18,0
chrc,8401,13,8,7,11,5,6,19,2,8,7,8,10
chrc,8704,12,27,11,10,17,5,17,2,6,1,10,9
chrc,8861,14,0,13,19,11,8,4,20,26,3,1,28
chrc,8975,7,20,20,1,1,0,29,1,22,1,10,3
chrc,9189,11,17,3,24,12,10,16,7,19,2,1,0
chrc,9193,4,2,4,14,1,17,16,0,21,0,8,11
chrc,9233,1,18,3,6,2,22,16,7,4,0,6,4
chrc,9686,10,17,7,12,1,0,9,1,1,5,1,0
chrc,9761,0,1,0,10,4,2,19,1,10,0,15,0
chrc,9867,19,3,9,6,5,16,12,15,7,7,15,14
chrc,9885,3,14,3,8,5,22,3,11,20,7,1,0
chrd,77,1,18,23,0,14,9,8,5,4,2,8,0
chrd,144,35,3,2,0,2,4,16,2,15,16,26,2
chrd,159,15,2,13,0,11,1,27,0,14,14,20,0
chrd,182,10,13,10,14,2,17,6,10,9,0,2,14
chrd,236,18,3,2,13,5,6,8,1,2,11,1,16
chrd,242,10,0,14,2,7,0,1,0,21,4,33,8
chrd,292,9,10,12,5,20,0,14,20,12,31,0,21
chrd,473,22,7,7,15,2,21,10,11,4,7,3,3
chrd,690,38,0,3,6,8,7,23,2,2,28,4,29
chrd,709,4,5,10,15,6,8,11,3,11,18,4,1
chrd,711,28,14,10,24,16,11,2,26,4,13,15,6
chrd,965,16,3,12,18,7,4,19,0,36,0,9,8
chrd,1062,0,17,10,0,10,11,3,18,1,0,3,11
chrd,1078,26,0,10,8,2,0,14,13,15,4,16,5
chrd,1117,24,0,4,12,1,0,0,1,3,10,3,23
chrd,1144,6,10,19,5,14,5,14,4,1,7,2,0
chrd,1149,13,4,4,1,10,17,23,12,15,1,12,0
chrd,1362,19,0,18,9,9,20,28,13,37,0,11,2
chrd,1393,8,2,0,1,7,12,9,19,12,14,1,7
chrd,1427,9,5,2,5,18,2,12,8,24,2,9,12
chrd,1511,4,5,1,5,6,31,9,8,10,10,0,1
chrd,1521,9,1,13,4,28,0,11,4,18,21,1,2
chrd,1594,4,7,11,15,18,5,2,24,6,18,25,0
chrd,1644,10,10,23,0,10,23,5,15,16,10,5,27
chrd,1658,10,31,10,7,10,25,14,10,8,4,11,16
chrd,1693,8,1,10,15,3,1,19,19,1,2,6,12
chrd,1694,15,4,14,14,2,29,6,14,23,0,8,18
chrd,1748,12,2,13,2,0,1,12,8,1,26,5,25
chrd,1801,1,4,6,6,19,2,0,1,5,25,22,1
chrd,1803,17,13,27,5,18,0,13,10,9,1,20,0
chrd,1855,11,2,5,3,22,3,6,8,6,28,16,19
chrd,2072,15,11,7,3,9,17,7,13,19,10,14,6
chrd,2266,3,25,21,9,12,1,2,17,25,0,7,11
chrd,2321,11,17,9,3,9,17,11,5,0,20,17,6
chrd,2414,2,6,26,4,12,15,2,0,3,10,3,19
chrd,2454,9,4,21,0,0,14,1,0,27,1,15,5
chrd,2470,2,19,6,3,16,11,1,0,8,15,2,14
chrd,2475,10,22,21,0,1,9,16,4,7,0,3,6
chrd,2501,1,1,29,0,5,0,22,20,21,6,2,9
chrd,2582,19,0,3,11,8,20,8,20,15,0,24,5
chrd,2669,6,3,19,6,2,0,22,4,8,21,1,3
chrd,2812,13,0,1,0,17,11,29,0,2,14,6,21
chrd,2909,3,10,22,13,15,2,11,4,7,11,20,7
chrd,2994,4,7,2,14,8,0,3,9,10,17,29,4
chrd,3073,30,8,8,35,7,11,8,3,6,13,12,13
chrd,3075,1,0,12,16,12,1,4,28,3,2,13,5
chrd,3213,8,0,1,12,10,17,24,13,0,11,15,5
chrd,3260,4,21,19,0,19,7,4,11,17,14,37,0
chrd,3329,9,4,31,1,6,0,6,2,12,0,8,3
chrd,3366,13,1,4,24,7,6,23,2,24,7,8,4
chrd,3395,2,8,8,5,28,0,17,12,3,14,16,0
chrd,3420,2,10,7,4,5,16,6,2,3,12,6,12
chrd,3696,37,3,0,3,11,3,4,2,30,5,10,24
chrd,3749,1,0,19,0,14,10,24,17,1,8,32,2
chrd,3777,23,1,5,7,12,8,3,8,8,13,17,6
chrd,3778,3,22,2,29,3,9,5,14,17,26,12,3
chrd,3913,12,14,4,1,1,0,24,0,3,10,0,6
chrd,3922,11,2,26,1,19,2,7,17,0,10,12,1
chrd,3943,25,0,2,9,0,7,0,1,16,0,24,0
chrd,4036,18,14,10,0,25,0,2,14,7,18,11,2
chrd,4160,3,7,12,9,3,2,20,6,9,28,13,10
chrd,4328,10,2,18,11,42,3,24,1,7,25,13,0
chrd,5029,8,7,10,22,4,11,16,5,2,22,10,3
chrd,5063,4,17,10,17,22,9,10,7,11,9,15,0
chrd,5070,2,26,5,0,26,11,5,14,14,6,10,17
chrd,5079,4,12,9,11,1,0,16,22,8,5,28,15
chrd,5123,4,12,0,1,11,15,0,23,5,0,1,6
chrd,5153,9,27,12,7,11,25,21,0,2,9,9,19
chrd,5450,14,4,1,4,28,11,21,24,11,14,3,7
chrd,5539,25,3,26,8,19,0,26,9,14,13,17,26
chrd,5557,12,7,5,17,35,0,0,8,20,6,28,3
chrd,5934,18,6,2,1,24,2,13,16,19,7,20,5
chrd,5981,0,12,5,24,18,0,13,5,11,9,20,0
chrd,6295,21,0,9,13,1,0,5,18,6,0,11,7
chrd,6616,20,0,15,4,8,11,9,3,11,7,8,18
chrd,7237,2,6,16,4,7,23,1,7,6,18,29,0
chrd,7272,7,17,5,1,2,0,8,19,16,3,10,13
chrd,7356,18,5,23,10,2,21,15,0,0,1,9,5
chrd,7514,1,18,4,8,9,1,13,6,5,10,44,8
chrd,7581,8,1,18,3,5,15,5,23,1,3,6,43
chrd,7705,10,18,24,14,27,0,0,7,9,24,7,4
chrd,7832,1,1,5,17,5,0,24,5,11,10,1,5
chrd,7929,1,21,1,6,4,0,22,0,16,7,35,2
chrd,8030,4,25,12,12,9,4,14,13,34,0,10,19
chrd,8450,4,11,8,18,6,3,11,3,4,6,1,1
chrd,8486,6,14,0,2,13,5,10,14,4,13,20,17
chrd,8526,16,9,3,19,1,15,7,0,4,21,3,8
chrd,8529,20,9,9,14,0,4,11,5,15,5,5,1
chrd,8551,4,9,27,4,9,14,16,6,9,9,7,2
chrd,8558,22,0,3,7,8,3,22,7,7,0,10,4
chrd,8592,3,3,21,2,8,4,11,10,6,4,12,13
chrd,8618,23,0,1,15,21,4,6,11,2,1,3,1
chrd,8922,6,20,9,3,7,9,3,11,4,0,6,17
chrd,8962,9,7,6,22,5,5,1,0,18,13,1,27
chrd,9190,11,15,11,18,4,18,13,12,5,3,25,3
chrd,9253,16,13,13,7,26,8,7,25,12,17,8,12
chrd,9331,14,16,18,2,2,12,7,14,6,2,15,3
chrd,9447,4,9,3,6,6,8,26,0,3,8,6,11
chrd,9717,5,16,16,0,21,0,6,27,18,16,7,2
chrd,9954,19,11,6,30,4,22,2,1,4,19,3,0
chre,298,10,7,4,12,28,3,23,0,4,15,18,3
chre,316,4,0,18,0,16,0,26,0,33,0,1,15
chre,330,8,19,5,30,8,9,4,12,3,1,20,3
chre,470,3,13,4,8,1,25,0,5,9,2,9,12
chre,508,4,14,2,10,1,3,6,12,6,2,16,11
chre,573,8,0,5,2,11,4,12,20,11,3,18,14
chre,592,8,23,6,2,5,7,2,13,21,2,6,7
chre,751,21,0,15,17,10,21,19,0,4,33,7,0
chre,771,16,2,20,10,17,3,12,4,39,8,0,1
chre,840,5,3,16,9,15,12,35,0,19,19,10,10
chre,901,6,18,8,1,3,20,5,13,13,2,12,17
chre,944,0,11,19,17,10,0,2,6,13,12,14,2
chre,959,1,10,0,5,12,12,25,0,15,10,3,22
chre,969,12,9,4,6,6,4,4,28,0,9,13,18
chre,994,15,4,4,19,8,22,10,17,15,14,10,3
chre,1104,14,18,2,15,6,22,26,7,4,6,14,3
chre,1132,11,13,6,16,5,3,19,9,7,19,20,7
chre,1253,6,0,1,4,2,12,14,0,4,10,16,13
chre,1256,26,5,1,0,24,0,16,6,12,22,9,7
chre,1281,4,4,7,6,8,2,2,15,10,3,9,12
chre,1340,12,0,24,0,32,18,6,9,17,13,9,12
chre,1543,5,23,5,4,26,6,12,4,6,21,19,9
chre,1560,4,3,2,9,17,0,8,0,6,17,5,1
chre,1576,9,18,1,24,3,29,10,27,6,5,14,5
chre,1640,14,10,5,22,5,10,1,16,0,25,2,17
chre,1888,16,14,5,26,6,8,21,3,10,13,12,10
chre,1954,3,33,13,12,13,14,10,13,12,7,12,4
chre,1964,5,1,15,0,13,9,18,4,10,7,4,20
chre,1969,3,1,9,0,1,0,6,12,2,8,15,6
chre,2000,0,1,2,11,5,17,5,0,37,0,11,14
chre,2064,7,0,0,6,7,8,15,1,2,7,1,0
chre,2131,1,10,7,12,23,9,25,6,0,1,6,4
chre,2264,14,0,30,0,4,4,24,3,11,16,18,0
chre,2273,7,14,0,5,0,5,0,3,6,16,5,1
chre,2362,12,30,8,7,7,1,32,5,9,8,11,16
chre,2717,8,7,11,24,13,0,22,0,21,0,18,4
chre,2864,2,20,13,11,11,13,21,13,16,12,19,15
chre,2959,6,22,10,8,1,19,6,6,7,6,1,0
chre,3480,13,10,3,33,12,12,6,7,29,5,3,17
chre,3499,20,0,0,8,12,13,3,27,36,0,8,13
chre,3625,1,16,2,21,6,5,5,5,3,4,1,0
chre,3628,3,30,3,16,5,16,2,30,2,9,3,16
chre,3847,24,9,1,0,0,1,12,5,9,12,17,17
chre,4069,18,8,24,2,3,22,6,15,34,0,0,1
chre,4120,6,1,3,14,15,19,18,6,6,13,7,8
chre,4135,8,22,23,5,15,4,14,2,13,15,23,5
chre,4223,1,27,14,11,8,21,2,23,4,9,9,15
chre,4234,18,23,10,33,7,23,6,2,1,16,2,24
chre,4457,3,0,5,2,8,0,1,1,12,18,19,9
chre,4461,0,1,5,15,13,10,1,4,24,0,2,1
chre,4489,15,15,3,15,34,3,0,8,1,0,9,5
chre,4565,15,0,3,13,13,15,14,18,31,0,24,14
chre,4777,9,7,16,0,4,19,20,26,12,12,31,0
chre,4812,20,7,9,6,10,12,11,0,20,7,7,9
chre,4903,4,20,12,2,14,16,5,0,12,9,3,16
chre,5079,2,23,3,15,5,27,9,21,6,3,17,10
chre,5170,2,21,4,5,26,0,16,4,5,6,0,1
chre,5768,24,4,15,8,1,16,14,4,11,5,1,11
chre,5784,12,9,7,15,7,13,11,22,7,17,7,7
chre,5888,21,4,4,19,3,18,0,1,16,2,3,6
chre,5984,23,3,13,7,8,17,6,2,13,0,7,11
chre,6055,8,2,12,6,14,8,15,0,4,11,12,5
chre,6076,29,6,4,14,24,6,1,0,3,13,1,0
chre,6277,13,0,4,19,12,7,2,0,7,0,0,21
chre,6337,7,25,6,8,2,16,2,19,4,0,25,0
chre,6378,2,21,23,16,5,7,5,4,2,1,6,1
chre,6450,17,0,10,4,10,18,10,9,16,22,1,0
chre,6481,14,11,2,20,5,28,23,7,9,14,5,29
chre,6663,7,10,18,5,22,4,6,27,24,3,1,11
chre,6755,30,8,27,4,4,16,0,1,0,1,0,14
chre,6899,3,24,14,7,15,7,9,9,2,21,2,25
chre,6917,1,0,7,10,24,5,16,1,18,1,4,19
chre,7014,1,15,0,8,13,16,19,0,13,6,4,16
chre,7050,17,10,17,28,2,0,4,18,9,8,1,11
chre,7097,3,21,7,0,12,4,3,11,20,4,51,3
chre,7102,23,0,13,9,12,2,12,6,11,0,9,11
chre,7411,29,0,8,12,7,6,24,0,22,3,7,3
chre,7552,5,13,20,9,2,14,12,19,10,3,21,25
chre,7886,2,21,1,5,12,9,2,4,22,0,6,22
chre,7915,31,0,20,0,14,19,21,10,6,1,0,13
chre,8037,9,22,5,14,7,2,5,4,10,12,16,8
chre,8105,8,4,2,1,2,0,10,0,2,26,4,1
chre,8109,25,0,11,9,28,0,1,12,9,15,6,3
chre,8265,7,1,7,12,3,16,3,1,11,0,7,4
chre,8365,2,13,20,0,28,0,7,9,14,3,8,24
chre,8367,19,2,21,0,21,0,25,5,13,5,18,6
chre,8383,8,27,14,3,19,5,16,0,12,15,2,12
chre,8465,15,4,14,5,1,16,0,11,10,1,18,0
chre,8477,8,3,11,8,9,3,12,16,26,12,7,3
chre,8512,18,0,33,4,19,2,2,11,21,4,2,16
chre,8611,6,10,4,19,9,1,5,2,20,5,5,24
chre,8701,3,18,14,0,3,14,6,25,18,2,8,16
chre,8718,7,8,8,1,6,2,7,9,2,15,10,0
chre,8851,1,2,10,15,6,11,22,0,32,8,0,3
chre,9125,0,20,14,8,11,1,22,0,29,0,9,1
chre,9468,3,2,23,11,9,15,12,2,35,2,10,0
chre,9494,22,3,4,1,10,0,25,2,13,8,18,17
chre,9660,4,4,39,2,18,3,2,32,7,10,16,13
chre,9694,24,3,8,13,1,12,5,5,0,1,4,13
chre,9991,19,12,6,10,3,14,15,13,6,6,9,32
chrf,254,25,0,12,16,3,29,1,0,2,2,1,0
chrf,290,1,0,14,8,3,15,23,11,24,0,2,10
chrf,579,5,10,22,0,21,3,8,5,7,12,28,11
chrf,601,3,4,8,4,0,17,12,11,18,0,27,4
chrf,823,7,2,3,18,25,7,24,0,10,7,23,17
chrf,921,4,0,10,5,16,16,10,3,2,8,22,10
chrf,952,11,8,7,0,6,6,11,3,6,2,11,29
chrf,1046,22,4,4,9,0,8,15,0,17,12,23,0
chrf,1194,1,4,8,39,7,11,6,12,11,7,1,27
chrf,1225,20,14,5,11,9,8,9,31,2,19,4,1
chrf,1240,16,10,14,15,5,18,11,16,0,13,15,0
chrf,1479,11,2,1,0,15,24,20,0,1,0,25,0
chrf,1729,4,20,17,0,6,12,8,20,5,17,9,1
chrf,1827,14,7,17,5,0,1,2,23,2,30,9,0
chrf,1968,16,8,6,6,23,0,22,2,13,12,13,7
chrf,1973,10,10,4,0,19,10,5,6,0,1,21,0
chrf,1984,23,0,24,2,15,10,5,6,6,23,13,9
chrf,2083,13,22,12,2,37,6,16,20,2,5,2,25
chrf,2185,29,3,6,12,8,11,6,13,8,5,5,30
chrf,2262,4,10,5,17,3,14,8,4,2,2,6,13
chrf,2481,19,17,9,24,14,3,24,9,9,8,3,0
chrf,2507,19,0,16,3,7,1,11,17,6,15,1,2
chrf,2657,2,11,17,11,17,8,9,0,7,5,5,3
chrf,2672,31,6,11,0,2,11,3,15,33,0,6,0
chrf,2792,26,5,10,8,21,6,1,0,5,8,0,1
chrf,2927,8,12,11,16,12,4,3,7,11,8,23,6
chrf,3054,9,9,1,0,12,17,21,6,16,4,16,7
chrf,3127,3,16,2,26,4,3,12,15,1,17,7,16
chrf,3169,26,2,10,21,5,6,3,28,27,1,0,1
chrf,3198,14,8,12,17,15,12,18,2,30,7,18,6
chrf,3232,5,4,31,7,17,12,4,0,6,0,1,16
chrf,3268,16,4,13,0,34,0,17,8,4,9,8,4
chrf,3412,16,11,7,5,14,3,8,19,14,8,6,9
chrf,3597,1,17,0,8,10,3,1,3,11,15,9,11
chrf,3726,7,4,2,1,1,3,2,21,1,1,9,16
chrf,3729,32,1,6,9,2,10,1,33,9,16,22,4
chrf,3733,3,13,4,14,18,13,4,1,14,6,14,12
chrf,3843,11,2,5,12,2,3,11,0,26,6,7,22
chrf,3861,12,3,3,19,5,17,8,4,7,14,4,5
chrf,4142,7,18,7,16,11,1,11,2,13,2,16,15
chrf,4261,7,0,0,15,14,17,19,6,20,0,6,10
chrf,4765,12,7,9,10,5,7,4,23,16,10,12,1
chrf,4876,4,17,2,15,8,12,14,24,30,0,25,4
chrf,4898,1,0,3,17,8,11,6,21,13,11,4,10
chrf,4925,9,6,4,21,7,10,8,10,10,27,2,2
chrf,4971,28,0,25,3,8,18,4,8,11,19,14,5
chrf,5066,20,18,7,3,1,0,8,14,16,14,2,7
chrf,5115,6,20,1,0,3,13,16,17,13,16,22,4
chrf,5255,10,23,6,2,15,7,0,5,5,20,9,5
chrf,5629,2,23,4,2,7,5,9,15,3,2,15,2
chrf,5631,15,10,6,15,17,0,1,20,13,0,24,4
chrf,5643,21,3,1,19,17,13,11,9,10,11,12,10
chrf,5651,20,0,11,0,6,2,18,0,17,0,5,7
chrf,5660,38,12,12,4,8,21,5,4,6,3,3,23
chrf,5835,8,8,1,0,21,14,7,4,14,3,6,11
chrf,5846,27,0,20,2,11,16,3,9,0,3,0,1
chrf,5893,8,10,16,0,3,17,11,1,15,6,5,7
chrf,6056,4,0,1,10,1,15,2,8,12,8,16,3
chrf,6116,12,24,2,22,6,8,3,21,23,1,6,5
chrf,6142,6,20,6,11,16,21,6,4,16,0,8,7
chrf,6363,3,28,19,2,12,4,11,8,8,1,8,7
chrf,6523,9,14,13,15,1,4,18,1,12,12,11,6
chrf,6585,3,14,9,0,11,5,12,9,5,31,3,0
chrf,6652,2,1,21,5,14,5,13,0,29,9,1,15
chrf,6839,5,8,8,25,11,11,19,13,1,0,22,4
chrf,6849,10,18,16,0,21,7,1,0,4,4,7,18
chrf,6870,8,3,4,15,7,15,6,14,20,1,18,2
chrf,6883,7,1,5,1,9,7,17,20,5,17,22,10
chrf,6954,0,3,7,12,19,3,3,24,21,9,2,11
chrf,7095,9,8,2,16,8,10,19,4,3,6,25,4
chrf,7127,7,4,1,21,26,0,0,1,32,3,26,3
chrf,7148,13,8,13,2,9,8,4,18,26,3,10,9
chrf,7357,4,15,10,21,22,0,19,0,1,0,2,13
chrf,7441,6,16,28,0,32,3,25,2,12,2,2,9
chrf,7854,5,5,18,10,24,7,5,15,4,8,6,5
chrf,8083,30,2,6,5,3,4,13,3,8,5,9,11
chrf,8091,12,6,12,5,7,8,19,0,19,2,2,13
chrf,8131,9,28,7,9,1,28,7,5,5,11,10,17
chrf,8152,5,27,7,21,5,14,10,30,21,3,12,8
chrf,8264,13,8,5,13,16,12,8,19,33,5,8,6
chrf,8302,1,0,17,18,3,7,18,1,4,28,7,14
chrf,8662,5,8,7,5,15,16,14,3,1,0,4,2
chrf,8671,22,11,15,5,26,5,8,12,10,7,11,8
chrf,8771,11,10,2,23,23,8,5,6,19,3,15,4
chrf,8904,0,8,3,33,6,20,3,0,26,13,3,7
chrf,8932,2,1,14,17,9,10,17,12,1,15,10,4
chrf,8994,3,21,26,5,8,20,10,12,16,9,3,7
chrf,9240,9,12,34,10,3,18,24,12,6,16,4,18
chrf,9264,9,3,12,11,11,10,7,23,4,26,9,11
chrf,9333,2,17,29,0,26,2,15,0,0,4,0,7
chrf,9362,1,9,16,16,15,13,11,4,3,7,5,13
chrf,9400,4,19,1,9,35,0,1,2,2,26,15,11
chrf,9533,5,1,12,2,9,2,16,14,2,25,8,14
chrf,9545,14,12,9,24,14,3,6,28,3,0,16,0
chrf,9558,0,6,10,6,16,22,5,2,7,17,5,22
chrf,9645,6,12,15,11,16,7,2,9,2,17,8,8
chrf,9662,4,12,20,1,15,6,13,8,28,7,1,11
chrf,9675,18,7,1,0,22,4,14,23,12,6,18,15
chrf,9781,19,8,0,1,9,8,0,6,0,6,13,8
chrf,9875,10,7,3,25,14,20,1,3,14,10,7,4
chrg,238,12,5,11,9,9,8,9,0,20,1,11,0
chrg,309,8,15,9,23,7,14,8,8,10,8,15,6
chrg,349,13,13,10,1,9,12,13,24,9,2,10,3
chrg,584,0,1,10,1,9,6,26,2,8,3,1,21
chrg,601,3,1,8,3,38,4,11,4,8,22,33,0
chrg,622,9,20,5,4,3,7,24,0,1,2,3,15
chrg,813,15,6,10,3,11,8,18,7,15,6,10,4
chrg,1233,1,2,17,3,22,0,14,0,2,8,4,11
chrg,1373,27,5,9,4,3,15,13,9,5,8,25,10
chrg,1444,23,5,6,26,0,1,8,24,2,4,24,3
chrg,1524,23,1,8,3,22,0,7,20,21,8,6,0
chrg,1581,11,17,7,4,16,23,10,4,13,5,8,18
chrg,1611,38,1,7,2,1,13,20,9,0,14,12,4
chrg,1722,16,13,8,9,7,8,0,2,24,5,3,20
chrg,1823,5,18,3,16,15,4,1,1,1,0,4,12
chrg,1926,10,9,13,2,7,18,1,16,11,13,11,17
chrg,1957,12,16,16,0,14,5,9,1,8,17,10,11
chrg,1996,9,2,14,2,14,0,8,7,7,25,31,2
chrg,2078,2,27,8,19,12,3,12,4,16,9,5,0
chrg,2122,16,8,7,32,8,9,31,5,7,1,6,8
chrg,2184,21,19,23,3,13,3,8,2,12,23,12,6
chrg,2270,4,11,26,1,13,10,12,5,17,15,5,8
chrg,2399,14,3,8,5,14,2,19,13,1,10,5,30
chrg,2419,15,12,7,28,9,4,12,0,12,6,26,8
chrg,2478,6,2,9,6,22,0,5,0,20,16,11,13
chrg,2665,3,7,7,13,28,0,13,3,11,6,4,0
chrg,2721,7,11,12,0,1,16,5,22,13,0,36,0
chrg,2938,29,6,16,0,9,0,7,10,9,14,0,1
chrg,2993,3,21,9,9,11,12,7,4,3,22,4,12
chrg,3226,13,4,5,0,10,20,1,5,33,7,13,9
chrg,3441,21,0,21,9,23,2,3,23,4,30,7,15
chrg,3516,5,14,3,23,11,3,10,2,20,0,1,0
chrg,3584,14,10,12,16,25,0,12,13,8,3,4,4
chrg,3595,11,4,13,0,16,6,1,5,15,0,4,8
chrg,3625,8,23,2,25,18,3,6,3,2,2,26,0
chrg,3649,1,0,4,3,3,1,14,7,8,7,9,8
chrg,3652,5,29,10,0,9,14,2,19,23,0,4,4
chrg,3799,12,4,34,10,10,3,4,4,5,14,16,5
chrg,4041,4,12,2,3,15,10,1,1,7,5,10,11
chrg,4111,14,4,39,0,7,6,12,4,3,7,4,10
chrg,4131,0,1,6,21,2,8,22,15,10,17,11,11
chrg,4208,18,8,8,19,17,14,10,22,19,0,0,6
chrg,4410,2,17,21,2,6,3,15,10,17,1,17,4
chrg,4431,17,17,15,22,3,10,25,2,14,9,8,9
chrg,4476,5,1,4,0,4,2,16,9,23,2,21,0
chrg,4495,25,10,1,11,5,24,41,0,20,8,4,21
chrg,4513,10,23,23,3,14,16,4,23,2,9,4,21
chrg,4593,35,9,5,8,10,21,16,1,15,18,7,20
chrg,4706,5,20,3,5,24,6,19,3,8,7,15,7
chrg,4832,4,0,25,3,22,20,8,9,5,3,5,20
chrg,4833,0,1,1,0,9,4,16,5,9,10,5,11
chrg,4967,15,10,3,9,32,3,1,0,22,0,5,7
chrg,5019,30,3,4,8,21,9,6,17,10,0,0,11
chrg,5110,7,6,9,13,28,13,20,6,3,22,3,19
chrg,5252,11,18,9,7,19,7,22,19,20,0,20,6
chrg,5350,3,26,9,16,6,14,16,0,2,30,28,9
chrg,5579,3,19,9,21,10,11,1,5,20,0,4,19
chrg,5665,15,0,5,14,15,23,11,5,5,11,10,5
chrg,5781,21,1,6,14,7,13,6,0,13,4,5,0
chrg,5809,20,3,5,6,5,8,17,6,10,26,0,1
chrg,5845,0,36,9,13,12,1,12,2,5,2,3,1
chrg,5852,23,3,20,8,19,7,10,1,5,1,20,7
chrg,5932,3,18,1,5,5,7,4,1,20,3,22,2
chrg,6008,12,3,6,0,14,2,8,18,3,26,15,3
chrg,6011,8,26,7,5,3,23,10,21,12,4,1,2
chrg,6046,14,9,5,8,1,11,4,12,14,25,9,8
chrg,6154,20,0,17,4,18,12,8,0,13,16,10,6
chrg,6285,3,8,8,1,8,14,7,8,28,11,12,3
chrg,6359,1,3,24,5,1,1,15,9,14,0,4,13
chrg,6433,7,18,5,27,5,16,7,9,10,24,6,14
chrg,6617,0,12,16,3,12,17,19,7,46,0,19,8
chrg,6732,11,10,11,12,5,21,4,35,15,15,4,11
chrg,6989,16,12,12,5,12,3,12,10,3,5,23,0
chrg,7003,2,3,23,22,4,25,3,2,4,4,2,7
chrg,7176,13,2,4,0,20,0,2,6,10,0,7,7
chrg,7196,17,3,0,1,6,8,11,3,3,7,23,15
chrg,7250,2,1,5,19,19,0,1,0,10,7,17,2
chrg,7391,2,21,3,27,9,0,8,6,9,5,1,0
chrg,7728,0,7,1,11,7,4,8,18,20,0,5,13
chrg,7874,4,17,11,3,7,21,2,16,0,6,3,15
chrg,7888,0,18,2,14,16,9,21,0,14,2,16,16
chrg,8355,7,8,4,1,30,10,1,28,6,25,25,9
chrg,8373,20,0,11,6,2,18,33,8,10,0,19,9
chrg,8383,6,0,3,10,16,1,46,0,1,10,16,15
chrg,8400,11,2,26,0,3,4,8,7,1,0,27,2
chrg,8524,36,3,10,13,2,24,23,0,1,11,12,7
chrg,8575,16,10,10,0,31,8,9,0,7,11,10,11
chrg,8598,2,15,6,11,1,7,3,34,18,2,2,12
chrg,9066,3,1,4,11,5,14,14,20,6,1,9,18
chrg,9181,6,34,35,0,6,10,20,6,21,10,5,7
chrg,9202,1,8,14,6,10,18,15,0,23,9,9,4
chrg,9281,7,17,16,12,7,8,18,0,14,14,33,5
chrg,9317,22,6,28,0,30,0,15,5,9,5,27,8
chrg,9406,4,0,32,0,8,3,21,4,9,9,4,12
chrg,9570,12,22,15,6,13,10,23,0,20,3,4,9
chrg,9707,16,2,5,1,16,24,9,9,2,3,27,5
chrg,9721,11,18,18,8,17,2,23,4,24,8,4,0
chrg,9771,2,14,5,4,23,3,9,4,21,0,10,11
chrg,9841,8,23,1,12,0,22,6,11,3,7,7,7
chrg,9959,10,17,0,15,3,18,4,1,6,18,0,19
chrh,211,3,2,11,16,17,6,6,13,1,4,12,3
chrh,241,3,3,5,13,10,10,9,9,18,7,12,4
chrh,500,3,24,2,9,18,0,7,6,11,10,0,3
chrh,595,9,14,16,4,16,18,6,8,3,27,29,3
chrh,680,7,21,9,8,15,8,3,17,2,17,15,3
chrh,727,9,13,15,1,9,15,4,21,33,0,4,20
chrh,736,18,1,5,7,12,5,19,15,6,10,23,3
chrh,1095,4,20,7,3,4,2,27,1,6,0,3,7
chrh,1160,3,14,3,23,14,1,2,3,3,6,25,7
chrh,1207,6,18,11,23,4,6,11,6,2,7,7,14
chrh,1309,2,2,9,8,41,6,13,9,8,5,13,7
chrh,1357,11,5,9,17,29,10,43,0,6,16,20,6
chrh,1383,3,9,5,25,3,4,2,16,8,15,14,8
chrh,1515,37,12,1,3,12,12,5,2,3,21,8,16
chrh,1570,2,9,36,5,18,13,3,5,0,1,12,0
chrh,1640,24,1,26,2,11,12,15,11,2,19,17,8
chrh,1690,12,6,8,24,16,12,25,4,3,38,23,3
chrh,1765,11,24,26,0,8,23,2,14,6,1,8,16
chrh,1815,0,10,8,25,1,7,19,16,2,19,9,0
chrh,2114,5,17,3,0,7,14,14,13,17,6,6,0
chrh,2147,13,1,11,10,11,7,19,0,24,13,16,19
chrh,2569,14,7,20,18,25,0,2,4,4,13,4,14
chrh,2743,6,26,3,4,16,15,7,1,7,2,6,11
chrh,2809,1,12,16,7,6,14,22,6,8,16,6,24
chrh,2963,9,9,33,7,1,4,0,1,10,4,18,10
chrh,3170,6,11,0,2,27,2,21,0,12,17,7,15
chrh,3293,16,12,10,23,14,17,4,13,4,23,1,3
chrh,3316,22,4,22,1,12,7,0,1,8,15,13,9
chrh,3336,4,19,10,0,3,15,8,3,17,7,9,32
chrh,3366,28,0,1,9,27,14,11,0,7,25,21,5
chrh,3390,13,9,6,10,1,12,21,5,1,11,17,0
chrh,3439,18,0,12,0,18,1,12,9,2,8,14,3
chrh,3749,2,8,12,4,3,14,0,1,9,12,1,0
chrh,3777,8,0,16,0,1,28,36,0,13,20,11,0
chrh,3789,10,9,13,21,11,3,20,0,3,2,2,12
chrh,3860,2,0,0,22,17,28,6,7,8,0,10,11
chrh,3943,7,4,15,7,24,9,4,10,16,21,15,1
chrh,3951,1,12,3,16,4,8,1,8,17,6,5,15
chrh,4023,18,4,13,6,9,0,14,0,10,4,7,5
chrh,4028,19,11,11,2,3,7,0,1,9,14,13,7
chrh,4145,11,2,9,1,5,13,28,7,4,9,21,5
chrh,4282,3,31,11,9,0,5,20,3,31,0,2,11
chrh,4685,1,0,1,11,26,0,1,25,4,12,22,0
chrh,4864,2,4,1,0,2,9,8,8,9,15,11,7
chrh,5044,11,0,8,0,5,1,12,0,23,0,4,13
chrh,5166,21,11,13,13,6,5,23,2,1,12,11,4
chrh,5233,24,1,19,3,20,9,11,10,12,14,7,22
chrh,5478,9,8,17,14,1,0,2,21,8,15,19,13
chrh,5522,9,10,4,27,0,3,0,1,14,11,8,25
chrh,5604,3,13,15,3,20,0,12,13,6,16,5,5
chrh,5710,4,13,4,8,8,20,1,11,14,5,6,9
chrh,5724,10,4,10,0,4,1,17,10,21,4,22,10
chrh,5802,32,1,6,19,14,16,10,7,29,0,13,8
chrh,5811,9,15,20,0,18,2,29,6,5,9,16,2
chrh,6003,33,3,21,10,0,1,14,6,11,2,9,14
chrh,6051,12,5,0,15,40,1,19,0,10,3,13,2
chrh,6135,15,2,6,7,6,14,0,11,13,3,3,0
chrh,6314,0,11,1,11,18,3,5,12,20,5,8,6
chrh,6500,13,13,2,1,8,20,17,21,2,11,24,14
chrh,6566,13,7,21,7,1,6,11,5,17,0,2,26
chrh,6721,7,9,6,13,8,8,17,3,21,6,5,14
chrh,6759,33,0,7,18,10,20,6,15,0,3,24,10
chrh,6898,20,9,5,8,16,9,3,26,1,17,2,27
chrh,6909,18,1,18,11,40,0,8,11,4,15,34,7
chrh,6929,18,0,26,0,1,2,24,0,5,22,27,0
chrh,7266,2,16,7,17,3,2,5,29,5,6,27,19
chrh,7274,4,13,3,31,20,10,1,12,3,13,27,0
chrh,7574,17,2,4,17,0,8,17,13,7,19,13,9
chrh,7758,14,4,1,0,8,11,2,10,8,3,19,6
chrh,7837,3,3,2,5,6,15,11,25,5,16,7,9
chrh,7906,24,5,20,4,22,0,18,9,8,7,13,19
chrh,7995,2,21,4,8,9,0,14,0,10,0,10,15
chrh,8170,0,14,22,11,23,1,13,8,4,5,9,8
chrh,8172,20,16,3,26,8,18,5,11,17,2,27,0
chrh,8177,10,4,3,4,1,0,15,9,9,16,2,7
chrh,8200,27,0,21,9,11,4,10,10,11,4,3,7
chrh,8202,21,12,23,8,18,5,9,14,17,5,18,5
chrh,8203,5,22,27,0,5,5,10,1,3,0,17,3
chrh,8277,3,18,2,18,25,0,7,2,29,9,3,11
chrh,8285,16,18,8,18,12,10,8,30,5,6,24,0
chrh,8312,32,0,1,0,0,2,1,0,8,0,10,5
chrh,8333,3,13,6,2,29,2,2,12,5,0,22,14
chrh,8581,29,0,0,1,17,0,2,44,2,13,16,16
chrh,8666,2,5,14,18,22,28,13,6,7,5,6,10
chrh,8843,12,4,14,8,1,0,34,1,16,11,29,3
chrh,8911,13,9,13,12,13,3,11,5,4,30,4,9
chrh,8998,3,25,3,15,4,3,6,7,5,7,16,7
chrh,9006,22,5,7,13,11,4,12,2,16,1,14,9
chrh,9044,1,4,5,28,16,15,5,13,23,0,17,13
chrh,9212,1,13,7,20,7,20,22,2,21,7,1,1
chrh,9349,2,9,4,9,12,12,10,9,3,0,4,5
chrh,9496,15,0,13,4,17,1,24,9,2,6,6,1
chrh,9572,2,26,21,1,9,3,17,14,4,3,9,11
chrh,9630,10,20,11,0,31,8,19,5,3,11,5,10
chrh,9716,10,6,8,17,4,20,21,0,21,4,31,2
chrh,9728,13,13,31,2,39,6,4,23,13,6,3,8
chrh,9810,3,7,3,19,6,1,13,5,11,0,17,7
chrh,9840,7,4,14,14,20,5,32,2,4,0,27,0
chrh,9875,4,1,19,7,23,0,6,43,18,0,14,4
chrh,9932,4,3,14,3,10,8,4,16,6,5,27,0
chri,29,16,16,24,0,9,15,17,23,13,13,12,0
chri,90,5,21,0,5,10,6,21,0,0,2,14,0
chri,240,5,19,10,9,4,22,6,26,27,8,9,10
chri,275,10,30,9,5,17,4,3,1,1,2,11,15
chri,352,23,2,29,2,2,3,13,17,0,1,8,4
chri,513,4,7,21,0,8,11,8,10,15,4,6,16
chri,585,15,10,11,21,16,4,8,14,29,0,4,13
chri,594,11,14,10,13,1,5,13,1,3,6,4,0
chri,765,2,23,8,11,23,13,10,21,7,6,5,16
chri,818,2,10,6,6,5,15,17,5,3,18,32,5
chri,832,0,14,7,30,5,14,4,19,9,3,12,10
chri,938,25,6,12,9,5,6,22,0,10,8,4,5
chri,966,11,11,16,0,13,20,19,6,6,12,13,1
chri,1343,7,17,9,20,1,0,9,8,17,0,22,3
chri,1459,0,1,17,10,1,0,4,0,9,7,6,2
chri,1584,5,0,14,15,1,0,14,0,1,37,12,3
chri,1659,18,16,7,9,13,11,5,2,7,9,16,18
chri,1667,25,9,4,7,14,15,6,4,7,2,19,4
chri,1926,5,13,13,7,24,4,14,4,3,4,8,10
chri,1962,5,16,3,5,16,16,7,12,3,20,3,11
chri,2028,7,3,21,0,22,13,4,9,0,5,16,12
chri,2683,1,14,3,8,1,0,6,11,4,16,2,0
chri,2813,30,0,10,9,9,8,0,8,6,7,7,0
chri,2881,9,37,2,29,0,1,3,5,14,4,2,2
chri,2887,13,2,30,0,14,7,5,11,12,11,9,4
chri,2963,3,9,10,3,3,1,5,9,1,14,34,0
chri,2975,10,9,12,2,8,8,9,3,2,0,1,1
chri,3520,9,16,18,13,13,0,16,0,1,0,7,5
chri,3585,24,9,17,2,1,0,4,8,4,8,16,19
chri,3620,10,12,16,14,10,9,27,0,9,10,9,2
chri,3621,18,5,4,1,16,17,7,4,2,17,45,0
chri,3723,1,0,12,0,13,13,11,10,21,7,26,0
chri,3935,13,2,7,4,16,3,11,11,15,12,8,7
chri,3970,2,35,18,1,15,17,8,18,2,22,23,9
chri,4135,5,16,11,3,1,4,3,0,13,9,0,2
chri,4296,5,15,23,11,8,7,21,0,6,5,13,8
chri,4422,1,0,3,0,5,7,3,18,0,1,26,4
chri,4431,11,10,29,0,30,4,11,20,1,2,7,9
chri,4445,3,3,2,12,1,6,6,32,3,0,11,11
chri,4598,14,16,9,3,7,4,1,4,1,2,7,16
chri,4603,3,28,1,4,19,6,16,10,15,2,20,0
chri,4638,20,13,16,8,32,5,12,4,24,0,2,3
chri,4707,19,2,5,10,11,24,20,27,17,5,20,12
chri,4831,4,8,5,4,16,20,15,8,8,11,6,5
chri,4898,23,7,5,19,0,1,5,0,8,10,20,4
chri,4943,3,21,11,22,10,11,1,28,4,24,12,4
chri,4974,16,14,2,0,16,8,13,13,3,22,37,3
chri,5017,11,0,3,37,4,19,17,1,5,3,16,13
chri,5191,12,1,2,5,9,4,2,4,5,19,2,4
chri,5222,9,12,14,0,1,10,4,17,9,6,5,9
chri,5335,7,0,10,1,17,0,11,3,0,1,4,7
chri,5347,12,7,6,8,16,6,11,8,18,5,17,7
chri,5364,13,8,7,14,25,3,1,19,9,14,7,17
chri,5460,1,1,1,0,12,14,12,4,17,0,33,0
chri,5469,19,12,9,14,4,5,6,11,21,3,5,21
chri,5664,4,11,23,6,12,0,13,12,6,0,22,6
chri,5763,11,12,11,12,19,6,20,14,3,2,4,0
chri,6020,37,0,30,0,24,19,19,6,10,11,14,2
chri,6159,26,0,20,5,1,27,12,0,7,2,14,10
chri,6211,0,1,10,12,14,0,2,1,5,20,11,7
chri,6352,7,18,8,0,2,8,12,5,23,0,3,26
chri,6393,14,21,1,11,14,20,19,0,13,6,8,15
chri,6444,3,30,2,28,4,10,23,1,12,27,2,13
chri,6560,17,7,10,11,22,4,7,11,6,20,9,3
chri,6609,23,9,7,5,5,12,13,2,13,13,0,27
chri,6641,30,11,7,3,6,9,7,0,24,8,0,2
chri,6690,1,11,22,11,31,0,27,16,14,24,11,6
chri,6873,2,23,8,2,8,0,16,9,10,4,1,12
chri,7137,0,1,3,28,17,13,10,3,1,11,11,9
chri,7230,0,12,8,0,16,15,4,3,0,6,11,17
chri,7248,25,17,20,6,6,13,21,0,13,16,5,19
chri,7283,27,7,14,0,9,14,28,6,7,11,7,21
chri,7549,1,0,28,0,20,2,2,19,1,24,14,13
chri,7560,1,0,3,10,18,2,7,4,17,9,2,10
chri,7582,13,1,27,0,31,0,19,19,8,5,3,6
chri,7617,8,31,10,14,7,10,2,6,3,4,1,4
chri,7625,17,25,10,3,12,3,5,20,13,4,28,0
chri,7744,6,4,5,23,8,7,27,0,10,9,5,12
chri,7760,0,1,22,3,1,0,0,7,4,7,4,16
chri,7801,8,12,10,31,6,10,25,5,3,14,10,27
chri,7950,4,5,3,2,11,11,8,19,23,0,12,0
chri,8109,9,20,5,7,6,5,6,5,8,15,1,14
chri,8179,6,10,3,11,1,8,25,1,6,18,4,29
chri,8455,11,2,27,0,3,21,13,9,1,0,25,11
chri,8633,11,2,4,11,1,3,5,15,4,7,33,5
chri,8900,10,9,12,25,1,3,40,0,22,0,6,20
chri,8906,2,4,7,12,26,0,0,6,33,0,20,15
chri,8973,26,0,6,5,5,0,26,2,16,22,25,12
chri,9125,4,5,5,15,1,4,1,1,10,13,16,17
chri,9285,25,10,11,3,0,2,1,11,25,4,6,15
chri,9288,23,3,3,14,4,16,1,0,8,7,7,0
chri,9356,4,5,9,12,6,14,1,18,8,2,3,6
chri,9472,9,3,15,3,21,2,17,24,12,4,23,12
chri,9532,1,21,20,0,12,13,13,12,17,3,13,22
chri,9583,21,4,32,6,1,0,1,9,7,21,19,0
chri,9615,2,27,0,18,5,13,0,23,16,10,8,2
chri,9617,11,18,21,2,33,0,30,2,0,8,3,13
chri,9717,8,5,6,18,15,2,8,5,1,2,8,15
chri,9742,17,1,2,12,10,19,31,4,0,27,17,13
chri,9843,9,4,6,24,27,0,21,6,12,6,13,3
chrj,6,16,9,5,11,11,20,9,14,16,10,24,17
chrj,16,14,7,24,3,8,9,18,11,32,3,10,29
chrj,58,7,13,9,29,29,0,10,0,11,2,9,10
chrj,149,4,4,4,0,8,11,13,17,14,7,3,8
chrj,180,8,11,13,8,24,0,9,12,22,5,18,6
chrj,192,0,9,0,1,29,10,6,14,28,12,13,16
chrj,268,4,0,9,5,2,10,12,8,28,0,15,4
chrj,561,1,14,11,16,11,20,28,0,0,1,1,13
chrj,600,4,14,7,8,16,7,17,0,4,11,7,4
chrj,806,4,20,10,8,1,12,16,7,9,24,18,6
chrj,824,1,1,5,2,11,4,13,4,12,0,5,5
chrj,853,20,7,10,7,13,10,16,3,21,0,10,4
chrj,893,6,9,4,17,3,20,24,7,7,1,7,18
chrj,916,2,6,9,3,14,6,20,11,3,8,2,1
chrj,951,8,1,18,2,20,0,5,16,8,11,15,14
chrj,1008,2,9,24,20,2,11,26,5,6,6,3,4
chrj,1058,5,22,30,0,6,6,17,7,7,16,5,8
chrj,1090,13,8,2,22,28,11,8,10,1,30,6,32
chrj,1350,11,3,27,8,8,13,11,4,8,11,14,1
chrj,1381,11,0,15,15,12,15,7,2,4,17,5,4
chrj,1458,7,26,22,23,5,2,23,6,9,17,5,7
chrj,1550,10,12,14,9,4,0,0,28,0,16,10,11
chrj,1676,11,22,21,1,12,5,3,5,8,18,15,13
chrj,1723,5,10,2,7,1,0,12,6,2,12,7,12
chrj,1776,14,16,4,10,2,9,4,9,2,9,20,0
chrj,1991,20,1,9,12,5,5,1,0,7,21,8,22
chrj,2065,3,2,15,5,2,19,8,2,16,3,12,12
chrj,2230,1,12,11,4,6,0,8,20,9,20,14,0
chrj,2245,4,1,17,2,4,3,11,4,4,17,4,18
chrj,2246,2,7,2,17,12,0,2,16,3,13,4,28
chrj,2247,0,1,4,17,6,2,14,8,14,3,1,0
chrj,2300,3,1,3,3,4,9,25,6,1,1,17,3
chrj,2630,7,21,2,15,17,14,11,11,17,0,25,0
chrj,2770,1,0,7,26,20,7,15,21,16,7,6,4
chrj,2820,13,13,15,21,28,5,9,1,9,23,6,28
chrj,2876,4,18,15,16,21,0,2,0,17,9,12,8
chrj,3274,8,21,36,0,7,11,3,25,11,2,1,14
chrj,3277,10,2,10,18,6,18,17,1,5,2,24,0
chrj,3304,27,4,0,1,10,0,10,7,19,12,18,12
chrj,3627,24,0,6,19,12,6,12,0,6,33,10,0
chrj,3659,17,10,3,23,9,7,2,14,1,2,1,15
chrj,3675,2,6,10,15,7,3,12,14,31,4,20,7
chrj,3730,29,1,7,15,4,29,10,24,3,17,5,8
chrj,3739,12,4,8,5,40,1,0,6,4,12,18,0
chrj,3743,0,1,25,1,20,5,0,1,5,5,0,10
chrj,3839,3,6,0,1,16,15,14,0,13,16,5,8
chrj,3890,22,14,22,11,12,17,20,21,3,18,17,9
chrj,3967,18,2,4,15,5,10,1,8,18,5,18,1
chrj,4095,2,17,15,8,1,13,15,13,3,25,1,0
chrj,4191,7,5,1,0,18,0,25,9,13,13,0,1
chrj,4520,3,3,4,7,19,0,11,4,14,8,7,9
chrj,4795,4,31,0,18,14,12,13,6,7,12,4,22
chrj,5074,15,0,9,10,3,4,2,5,5,0,2,13
chrj,5120,15,0,22,7,3,15,0,1,13,8,0,1
chrj,5226,5,20,7,8,5,10,4,5,25,7,7,12
chrj,5247,4,4,2,10,5,16,9,17,17,13,0,10
chrj,5269,13,24,25,5,13,0,13,14,0,1,8,9
chrj,5295,13,5,10,12,16,4,10,3,9,2,28,12
chrj,5541,7,6,3,30,13,7,1,15,0,9,6,19
chrj,5702,1,4,24,10,4,18,29,0,5,2,9,0
chrj,5735,7,8,14,11,3,18,13,9,4,3,9,1
chrj,6002,4,2,8,2,18,3,10,20,15,6,16,0
chrj,6157,29,5,18,3,21,12,8,20,0,2,23,10
chrj,6171,8,25,5,6,0,9,11,3,7,17,6,6
chrj,6216,2,12,3,1,18,14,8,1,6,12,3,17
chrj,6262,8,12,9,25,7,3,9,2,2,11,4,11
chrj,6414,27,2,10,11,14,3,7,11,3,0,6,5
chrj,6687,31,9,11,7,1,0,3,13,13,0,18,10
chrj,6877,24,2,4,11,26,6,4,15,20,13,15,5
chrj,7051,12,9,0,3,12,6,3,11,2,1,1,0
chrj,7054,0,18,7,10,4,14,14,10,4,1,8,8
chrj,7188,6,0,1,2,3,24,8,15,5,5,29,0
chrj,7231,9,4,14,4,8,0,16,13,7,6,9,31
chrj,7325,4,12,19,23,0,21,3,1,8,8,25,3
chrj,7363,5,19,2,24,12,4,10,34,10,9,3,19
chrj,7450,2,0,10,14,7,24,13,6,17,0,1,9
chrj,7554,10,1,4,21,43,0,0,2,1,15,19,13
chrj,7597,11,10,9,7,27,4,4,12,17,19,14,1
chrj,8238,5,14,1,11,23,8,5,1,18,0,1,10
chrj,8667,7,4,21,12,12,5,13,7,10,13,26,5
chrj,8731,18,0,10,13,13,0,1,0,0,3,1,0
chrj,8735,21,3,2,5,5,24,0,1,3,34,9,0
chrj,8803,24,2,7,6,20,16,2,23,9,23,6,10
chrj,8853,9,20,4,9,2,18,28,0,4,12,7,4
chrj,8932,16,4,1,0,0,5,13,18,5,22,4,8
chrj,8976,25,4,10,6,11,0,14,11,1,4,12,8
chrj,9003,28,17,6,8,1,11,27,1,4,5,3,12
chrj,9049,26,9,11,7,3,7,2,6,31,0,4,18
chrj,9174,3,2,20,5,10,3,3,2,22,3,28,0
chrj,9335,9,15,3,19,17,0,8,33,12,22,1,11
chrj,9365,11,8,16,3,7,8,0,1,9,5,10,19
chrj,9429,27,14,7,11,32,0,14,9,16,6,9,7
chrj,9434,12,20,16,10,3,3,25,4,1,30,2,36
chrj,9438,11,12,5,26,7,0,3,20,31,2,24,14
chrj,9448,19,6,22,3,1,0,17,0,0,1,21,12
chrj,9452,14,4,3,0,0,1,17,12,13,17,5,23
chrj,9542,21,5,11,11,2,38,1,13,4,17,1,15
chrj,9672,10,12,11,18,11,13,12,6,4,25,25,0
chrj,9837,2,17,12,13,17,2,8,13,5,17,19,8
chrj,9848,15,13,5,19,4,9,3,15,1,10,0,3
chrk,120,5,6,0,4,6,9,11,1,25,11,8,18
chrk,191,1,5,4,19,5,1,12,13,20,18,9,13
chrk,347,28,0,2,2,17,8,1,0,6,15,2,13
chrk,360,1,0,4,17,21,14,0,1,11,20,2,0
chrk,398,8,14,7,10,8,7,28,0,25,10,8,2
chrk,538,7,15,4,18,8,8,13,14,12,6,8,14
chrk,559,10,7,1,13,3,17,19,10,27,2,26,0
chrk,654,7,2,9,8,7,19,1,16,19,6,19,5
chrk,705,11,11,17,8,24,6,4,5,7,6,4,4
chrk,727,4,25,12,3,1,0,37,0,21,18,43,0
chrk,746,23,3,19,10,15,1,16,9,9,12,5,5
chrk,884,9,23,8,17,21,2,10,6,35,2,13,18
chrk,926,22,10,13,0,0,1,2,14,6,21,22,1
chrk,990,10,13,8,6,12,0,4,6,2,3,15,0
chrk,1149,23,11,5,22,6,13,1,0,5,0,7,14
chrk,1182,3,5,21,0,3,19,19,0,3,21,10,0
chrk,1345,15,12,7,4,19,10,2,22,10,27,10,5
chrk,1454,45,0,11,11,7,7,5,7,10,11,5,25
chrk,1475,6,27,1,17,7,10,9,4,21,3,1,20
chrk,1674,24,0,10,12,7,0,5,7,2,0,5,5
chrk,1677,12,9,20,4,23,11,18,19,0,7,11,3
chrk,1723,25,17,10,0,2,6,11,12,7,10,20,0
chrk,1918,21,3,14,13,22,4,13,14,16,12,9,13
chrk,1978,6,3,31,0,13,2,12,13,8,13,15,16
chrk,2209,15,9,1,0,8,18,2,18,0,1,13,0
chrk,2389,4,7,15,15,3,12,28,3,16,0,24,0
chrk,2402,17,10,5,2,1,2,10,6,24,0,7,9
chrk,2458,12,13,1,0,9,22,12,0,15,7,6,15
chrk,2492,6,23,19,1,2,21,11,12,10,9,4,29
chrk,2605,2,1,21,10,14,20,6,10,3,1,14,22
chrk,2705,19,11,21,0,5,31,4,3,14,13,10,18
chrk,2793,1,0,31,2,33,0,12,5,4,6,16,8
chrk,2938,30,2,4,4,2,2,9,7,10,5,8,11
chrk,2968,18,4,3,19,10,0,1,0,14,10,3,11
chrk,3050,11,14,0,1,3,1,19,2,14,6,2,10
chrk,3316,5,9,18,3,17,7,3,0,1,25,1,0
chrk,3479,17,0,7,11,16,11,6,10,10,6,11,0
chrk,3484,26,0,25,13,4,2,17,3,6,23,12,21
chrk,3632,8,5,11,11,0,10,11,12,5,19,3,1
chrk,3678,8,16,16,19,8,5,0,1,4,18,11,19
chrk,3753,7,2,25,7,10,3,21,7,23,0,3,1
chrk,3805,10,3,9,7,4,3,28,0,1,0,24,11
chrk,3847,15,6,5,12,3,13,0,1,17,2,0,18
chrk,3927,4,2,11,21,2,18,9,7,16,0,17,9
chrk,4041,13,9,11,2,9,10,10,2,4,12,16,5
chrk,4067,6,12,16,2,5,0,14,10,13,2,25,7
chrk,4253,0,8,3,12,8,17,11,10,13,5,5,12
chrk,4371,25,0,18,16,24,5,11,5,10,13,1,19
chrk,4553,21,3,9,18,31,5,13,9,6,20,34,0
chrk,4760,8,22,2,11,4,12,14,11,7,7,10,18
chrk,4900,12,1,8,14,19,18,8,7,0,1,16,0
chrk,5507,18,0,23,3,11,19,4,18,12,18,13,13
chrk,5781,4,3,8,13,5,1,4,1,21,3,14,7
chrk,5933,7,8,15,0,9,3,20,0,16,4,10,3
chrk,5942,16,16,15,17,4,10,22,11,15,9,11,11
chrk,6133,8,8,11,0,1,28,12,0,19,9,1,0
chrk,6313,24,5,2,9,19,10,12,9,21,5,10,12
chrk,6383,32,0,7,33,9,8,8,6,2,24,12,0
chrk,6546,10,9,16,22,17,14,23,4,8,7,24,7
chrk,6554,12,16,7,23,3,5,5,5,29,7,3,16
chrk,6643,7,7,1,0,11,21,6,2,10,4,28,5
chrk,6862,10,20,1,17,5,9,13,23,15,14,19,9
chrk,7042,6,20,1,24,3,2,4,0,16,3,11,7
chrk,7052,18,1,15,17,5,6,1,14,7,17,9,8
chrk,7343,7,13,11,9,8,8,4,6,9,17,4,25
chrk,7377,28,0,2,9,9,2,21,5,12,8,14,17
chrk,7393,7,16,5,0,12,13,9,9,6,27,11,0
chrk,7449,18,4,21,4,5,8,7,9,4,3,13,17
chrk,7520,2,11,5,10,4,15,3,15,6,13,9,7
chrk,7598,4,12,2,4,3,28,4,3,1,10,11,10
chrk,7640,23,7,1,6,3,10,4,29,5,11,15,9
chrk,7728,15,4,3,3,21,25,9,9,16,0,4,1
chrk,7762,14,0,2,9,2,10,16,0,5,26,2,0
chrk,7775,17,17,11,13,0,4,22,3,0,1,2,9
chrk,7800,2,21,6,9,20,2,21,3,4,13,10,4
chrk,8180,1,1,13,6,5,5,1,19,5,16,13,9
chrk,8238,6,0,9,0,17,31,4,16,14,14,0,1
chrk,8276,18,0,9,11,15,9,19,8,16,0,2,17
chrk,8277,8,13,4,4,9,19,3,19,1,4,25,4
chrk,8417,2,22,29,5,3,12,15,12,16,4,1,5
chrk,8498,16,0,3,4,1,3,15,5,14,5,6,14
chrk,8522,23,2,7,11,7,0,0,8,9,2,21,4
chrk,8808,1,1,4,9,19,11,5,15,5,18,7,6
chrk,8832,17,2,11,6,2,5,11,29,27,0,5,2
chrk,8917,3,20,9,3,5,19,23,12,3,30,5,20
chrk,9055,3,28,13,6,1,13,12,22,2,2,17,9
chrk,9104,10,19,7,6,2,8,1,0,0,1,8,19
chrk,9144,4,16,5,6,9,0,1,0,1,11,10,12
chrk,9271,4,13,13,3,7,4,40,0,1,1,10,0
chrk,9354,1,11,14,6,1,12,4,6,7,16,9,0
chrk,9363,10,7,15,19,17,10,1,7,2,11,14,9
chrk,9496,17,6,18,0,16,18,21,3,8,4,34,0
chrk,9586,3,14,24,3,22,10,9,14,15,4,4,18
chrk,9625,29,2,1,17,26,8,17,1,21,1,7,6
chrk,9648,3,7,11,9,18,16,24,4,4,9,10,11
chrk,9680,4,7,16,16,8,0,6,14,3,3,11,11
chrk,9701,13,4,1,0,5,28,15,5,15,13,4,16
chrk,9703,1,22,11,1,12,6,8,13,3,16,1,8
chrk,9837,16,5,1,14,14,1,20,15,8,14,34,4
chrk,9988,20,5,0,1,14,0,12,1,4,7,13,9
