"","Sample1","Sample2","Sample3","Sample4","Sample5","Sample6"
"chra:6",0,0.37037037037037,0.0625,1,1,0.590909090909091
"chra:167",0.5,0.363636363636364,0.483870967741935,0.117647058823529,0.875,1
"chra:249",0.95,0.384615384615385,1,1,1,0.692307692307692
"chra:288",0.526315789473684,1,0,0.318181818181818,1,0.4
"chra:329",0.464285714285714,0,0.214285714285714,0.181818181818182,0.818181818181818,0.333333333333333
"chra:633",0.416666666666667,0.294117647058824,0.833333333333333,0.777777777777778,0.909090909090909,0.888888888888889
"chra:641",0.545454545454545,0.307692307692308,0.424242424242424,0.782608695652174,0.409090909090909,0.173913043478261
"chra:674",0.5,0.5,0.1,0.733333333333333,0.75,0.454545454545455
"chra:680",0.722222222222222,0.0465116279069767,0.777777777777778,0.333333333333333,0.923076923076923,0.129032258064516
"chra:828",1,0.387096774193548,0.434782608695652,0.318181818181818,1,0.789473684210526
"chra:832",0.416666666666667,0.6875,0.272727272727273,0.405405405405405,0.181818181818182,0.148148148148148
"chra:983",0.8125,0.411764705882353,0.608695652173913,0.2,1,0.647058823529412
"chra:1051",0.8,0.888888888888889,0.571428571428571,0.875,0.76,0.8
"chra:1093",1,0.35,0.473684210526316,0,0,0.45
"chra:1111",0.222222222222222,1,1,1,0.1875,0.714285714285714
"chra:1580",0.904761904761905,0.615384615384615,0.357142857142857,1,1,0
"chra:1726",0.846153846153846,0.807692307692308,0.470588235294118,0.105263157894737,1,0.484848484848485
"chra:1889",0.722222222222222,0.555555555555556,0.588235294117647,0.205882352941176,0.823529411764706,0.6875
"chra:1931",0.6,1,1,0.655172413793103,0.333333333333333,0.142857142857143
"chra:2072",0.5,0,0.75,0.875,1,0
"chra:2305",0.764705882352941,0.684210526315789,1,0.857142857142857,0.407407407407407,1
"chra:2565",1,0.434782608695652,0.647058823529412,0.642857142857143,0.952380952380952,0.28125
"chra:2602",0.272727272727273,0.333333333333333,0.4,0.5,0.411764705882353,0.636363636363636
"chra:2688",0.833333333333333,0.142857142857143,0.764705882352941,0.523809523809524,0.5,0.153846153846154
"chra:2771",0.607142857142857,0.352941176470588,0.1875,0.161290322580645,0.03125,1
"chra:2888",0.227272727272727,0.4,1,0.411764705882353,0.888888888888889,0.947368421052632
"chra:2901",1,1,0.1875,0,1,0.125
"chra:3004",0.105263157894737,0.608695652173913,1,1,0.722222222222222,0.857142857142857
"chra:3026",0.363636363636364,0.5,0.916666666666667,0.142857142857143,0.366666666666667,0
"chra:3039",0.7,0.333333333333333,1,0.777777777777778,0.707317073170732,0.363636363636364
"chra:3298",0.642857142857143,0.166666666666667,0.875,0.891891891891892,0.333333333333333,0.4375
"chra:3447",0.5,0.2,0.7,0.548387096774194,0.441176470588235,0.214285714285714
"chra:3673",0.121212121212121,1,0.833333333333333,0.894736842105263,0.857142857142857,0.36
"chra:3791",0.5,0.1,0.75,0.147058823529412,0.105263157894737,1
"chra:3798",0.173913043478261,1,0.772727272727273,0.416666666666667,0.357142857142857,0.6
"chra:3967",0.5,0.0588235294117647,0.409090909090909,0.666666666666667,0.75,0.304347826086957
"chra:4107",0.423076923076923,1,0.529411764705882,1,0.384615384615385,0.8125
"chra:4131",0.666666666666667,1,0.80952380952381,0.421052631578947,0.666666666666667,0.571428571428571
"chra:4242",0.944444444444444,0.885714285714286,0,0.533333333333333,0.833333333333333,0.307692307692308
"chra:4439",0.5,0.64,0.111111111111111,0.846153846153846,0.523809523809524,0.333333333333333
"chra:4456",0.684210526315789,0.896551724137931,1,0.647058823529412,0.291666666666667,0.384615384615385
"chra:4596",0.964285714285714,0.90625,0.92,0,0.823529411764706,1
"chra:4647",0.866666666666667,1,0.212121212121212,1,0,0.0833333333333333
"chra:4737",0.25,1,0.352941176470588,0,0.4,1
"chra:4889",1,0.854166666666667,0.217391304347826,0.387096774193548,0.75,0.633333333333333
"chra:4932",0.727272727272727,0.958333333333333,0.407407407407407,0.529411764705882,0,1
"chra:5030",0.806451612903226,0.636363636363636,0,0.714285714285714,0.416666666666667,0.3125
"chra:5098",0.4,0.37037037037037,0.0909090909090909,1,0.354838709677419,0.548387096774194
"chra:5131",0.966666666666667,0.647058823529412,0,0.260869565217391,0.242424242424242,0.428571428571429
"chra:5249",1,0.444444444444444,0.5,0.6,0.653846153846154,0.16
"chra:5361",0.194444444444444,0.571428571428571,0.15,0.222222222222222,0.464285714285714,1
"chra:5435",1,0.4,0.769230769230769,0.3,0.933333333333333,0.689655172413793
"chra:5527",0.866666666666667,1,0.15,0.1875,1,0.888888888888889
"chra:5531",0.210526315789474,0.6,0.709677419354839,0.769230769230769,0.941176470588235,0.230769230769231
"chra:5532",0.928571428571429,0.428571428571429,1,0,0.25,0.785714285714286
"chra:5653",0.888888888888889,0.409090909090909,0.620689655172414,0.16,0.4,0.2
"chra:5751",0.193548387096774,0.512820512820513,1,0.428571428571429,0.833333333333333,0.294117647058824
"chra:5868",0.303030303030303,1,0.222222222222222,0.294117647058824,0.666666666666667,0.720930232558139
"chra:5920",0.580645161290323,0.1875,0.72,1,0.578947368421053,0.75
"chra:6041",1,1,0.818181818181818,0.714285714285714,0.315789473684211,1
"chra:6212",0.909090909090909,0.555555555555556,0.275862068965517,0.583333333333333,0.235294117647059,0.0909090909090909
"chra:6249",1,0.6,0.454545454545455,0.5,1,1
"chra:6281",0.269230769230769,0.4,0.875,0.541666666666667,0.375,0.5
"chra:6422",0.25,1,0.923076923076923,0.581395348837209,0.466666666666667,0.707317073170732
"chra:6571",0.482758620689655,0.444444444444444,1,0.0645161290322581,0.230769230769231,0.714285714285714
"chra:6624",0.9,0.12,0.2,0.347826086956522,0.388888888888889,0.208333333333333
"chra:6722",0.607142857142857,0.428571428571429,0.842105263157895,0.285714285714286,0.2,0.8
"chra:6732",0.75,1,0.958333333333333,0.5,0,0.5
"chra:6735",0.05,0.111111111111111,0.0476190476190476,1,0.333333333333333,0.923076923076923
"chra:6875",0.9,1,0.88,0.25,0.393939393939394,1
"chra:6992",0.538461538461538,0.785714285714286,0.9,0.545454545454545,0.388888888888889,0.9
"chra:7012",0.307692307692308,0.944444444444444,0.125,0.222222222222222,0.5,0.111111111111111
"chra:7209",0.676470588235294,0.388888888888889,1,0.166666666666667,1,0.5625
"chra:7238",0.95,0.8,0.230769230769231,0.6,0.96551724137931,0.666666666666667
"chra:7460",0.25,0.2,0.407407407407407,0.8,0.4375,0.65625
"chra:7676",0.923076923076923,0.625,0.454545454545455,1,0.464285714285714,0.186046511627907
"chra:7678",0.0454545454545455,0.272727272727273,1,0.578947368421053,1,0.121212121212121
"chra:7715",0.206896551724138,0.653846153846154,1,0.419354838709677,0.777777777777778,1
"chra:7729",0.142857142857143,0.8,0.75,0.2,0.666666666666667,0.392857142857143
"chra:7885",0.307692307692308,0.888888888888889,0.0588235294117647,0.75,0,1
"chra:8008",0.857142857142857,0.744186046511628,0.205128205128205,0.5,0.285714285714286,0.702702702702703
"chra:8053",0.588235294117647,1,0.8,0.9,0.291666666666667,1
"chra:8134",0.285714285714286,0.5,0.419354838709677,0.380952380952381,0.36,1
"chra:8218",0.416666666666667,0.6,0.235294117647059,0.111111111111111,0.888888888888889,0.666666666666667
"chra:8345",1,0.114285714285714,0.9,0.8,0.666666666666667,0
"chra:8484",0.5,0.666666666666667,0.545454545454545,0.434782608695652,0.88,0.659090909090909
"chra:8495",0.909090909090909,0.0833333333333333,1,1,0.0888888888888889,0.3125
"chra:8554",0.130434782608696,1,0.142857142857143,0.75,0.107142857142857,0.416666666666667
"chra:8660",0.733333333333333,0.842105263157895,0.666666666666667,0.923076923076923,0.176470588235294,0.571428571428571
"chra:8745",0.846153846153846,0.166666666666667,0.263157894736842,0.947368421052632,0.485714285714286,0.565217391304348
"chra:8766",0.380952380952381,0.0625,0.866666666666667,0.363636363636364,1,0.733333333333333
"chra:8825",0.5,0.380952380952381,0.454545454545455,0.8,0.6,0.571428571428571
"chra:9095",0.875,1,0.565217391304348,1,0.818181818181818,0.75
"chra:9123",0,0,0.142857142857143,0.8,0.2,0.272727272727273
"chra:9125",0.606060606060606,0.6,0.35,0.666666666666667,0.882352941176471,0.125
"chra:9277",0.9,0.916666666666667,1,1,0.375,0.684210526315789
"chra:9297",0.689655172413793,0.5,0.555555555555556,0.666666666666667,0.75,0.76
"chra:9443",0.5625,0.571428571428571,0.727272727272727,1,0.130434782608696,0.727272727272727
"chra:9684",0.0416666666666667,0.466666666666667,1,0.533333333333333,0.777777777777778,0.310344827586207
"chra:9915",0.285714285714286,0.8,0.3125,0,0.875,0.529411764705882
"chrb:239",0.5,1,0.217391304347826,0.882352941176471,0.289473684210526,0.642857142857143
"chrb:387",0.0588235294117647,0.647058823529412,0,0.04,0.242424242424242,0.428571428571429
"chrb:534",0.92,1,1,0.75,0.571428571428571,0.818181818181818
"chrb:977",0.075,1,0.481481481481481,0.764705882352941,0.5,0.818181818181818
"chrb:982",0,0.555555555555556,0.454545454545455,0.652173913043478,0.9,0
"chrb:1037",1,1,0.85,0.466666666666667,1,1
"chrb:1067",0.0769230769230769,0.291666666666667,0.580645161290323,0.571428571428571,0.142857142857143,0.205882352941176
"chrb:1242",0.578947368421053,0.333333333333333,0.8125,0.423076923076923,0.333333333333333,0.857142857142857
"chrb:1413",0.4,0.461538461538462,0.444444444444444,0.818181818181818,0.28,0.153846153846154
"chrb:1489",0.588235294117647,0.428571428571429,0.782608695652174,0.6875,0.24,1
"chrb:1525",1,0.523809523809524,0.4,0.25,1,1
"chrb:1777",1,0.666666666666667,1,0.3,1,0.538461538461538
"chrb:1786",0,1,1,0.894736842105263,0.916666666666667,1
"chrb:1787",0.82051282051282,1,0.565217391304348,0.769230769230769,0.482758620689655,0.428571428571429
"chrb:2149",0.695652173913043,0.464285714285714,1,1,0.56,0.294117647058824
"chrb:2209",0.138888888888889,0.25,0.488372093023256,1,0.321428571428571,0.733333333333333
"chrb:2272",1,0.454545454545455,0.25,0.636363636363636,0,0.5
"chrb:2273",0.25,0,0.617647058823529,0.75,1,0.862068965517241
"chrb:2274",0.444444444444444,1,0.933333333333333,0.285714285714286,0.7,0.5
"chrb:2284",0.636363636363636,0.133333333333333,1,0.0833333333333333,0.484848484848485,0.875
"chrb:2323",0.666666666666667,1,0.5,1,0.444444444444444,1
"chrb:2360",0.685714285714286,0.647058823529412,1,0.928571428571429,0,0.346153846153846
"chrb:2557",0.121212121212121,0.518518518518518,0.75,0.8125,0.736842105263158,0.136363636363636
"chrb:2663",1,0,0.222222222222222,0.272727272727273,0.714285714285714,0.0714285714285714
"chrb:2717",0.8,1,0.904761904761905,0.433333333333333,0.588235294117647,0.769230769230769
"chrb:2794",0.0454545454545455,0,0.756756756756757,0.371428571428571,0.818181818181818,0.0588235294117647
"chrb:2920",1,0.416666666666667,0.857142857142857,0.260869565217391,0.789473684210526,1
"chrb:3131",0.9375,0.666666666666667,0.6,0.80952380952381,0.941176470588235,0.277777777777778
"chrb:3259",1,0.52,0,0.523809523809524,0.384615384615385,0.15625
"chrb:3287",0.575757575757576,0.461538461538462,0.230769230769231,0.352941176470588,0.590909090909091,1
"chrb:3394",0.711111111111111,0.769230769230769,0.935483870967742,0,0.19047619047619,0.3
"chrb:3414",1,0.470588235294118,0.724137931034483,1,0.666666666666667,0.272727272727273
"chrb:3539",0.37037037037037,0.642857142857143,0.592592592592593,0.28125,1,0.09375
"chrb:3655",0.214285714285714,0.586206896551724,0.35,0.416666666666667,0.777777777777778,0.178571428571429
"chrb:3682",1,0.80952380952381,0.833333333333333,0.8,0.3,0.4
"chrb:3807",0.689655172413793,1,0.333333333333333,0.0833333333333333,0.961538461538462,0.4
"chrb:3816",0.85,0.5,0.391304347826087,0.75,0.551724137931034,0.375
"chrb:3877",0.296296296296296,1,0.5,0.12,0.0810810810810811,0.464285714285714
"chrb:4130",0.666666666666667,0.461538461538462,0,0.75,0.619047619047619,0.458333333333333
"chrb:4341",0.377777777777778,0.25,1,0.888888888888889,0.529411764705882,1
"chrb:4369",0.269230769230769,0.9375,0.583333333333333,0.68,0.6,0.181818181818182
"chrb:4433",0.857142857142857,0.439024390243902,0.411764705882353,0.695652173913043,0.586206896551724,0.12
"chrb:4455",0.785714285714286,0.583333333333333,1,0.758620689655172,0.428571428571429,0.5
"chrb:4984",0.72,0.111111111111111,0.333333333333333,1,1,0.538461538461538
"chrb:5211",0.84,1,0.0555555555555556,1,0.941176470588235,0.230769230769231
"chrb:5357",1,0.387096774193548,0.846153846153846,0.135135135135135,1,1
"chrb:5364",0.75,0,0,0.333333333333333,1,1
"chrb:5424",0.411764705882353,0.181818181818182,0.476190476190476,0.857142857142857,1,0.692307692307692
"chrb:5744",0.363636363636364,0.142857142857143,0.142857142857143,0.5,0.03125,0
"chrb:6017",0.241379310344828,0.565217391304348,0.5,1,0.470588235294118,0.846153846153846
"chrb:6045",0.0869565217391304,0.851851851851852,0,0,1,0
"chrb:6079",0.458333333333333,0.289473684210526,0,0.904761904761905,0.133333333333333,0.625
"chrb:6096",0.722222222222222,0.285714285714286,0.782608695652174,0.605263157894737,0.434782608695652,0.19047619047619
"chrb:6252",0.5,0.444444444444444,1,0,0.375,0.142857142857143
"chrb:6272",0.04,0.892857142857143,0.482758620689655,0.186046511627907,0.571428571428571,0.5
"chrb:6403",1,1,0.8125,0.0555555555555556,1,1
"chrb:6433",0.848484848484849,0.368421052631579,1,0.818181818181818,0.6,0.2
"chrb:6489",0.285714285714286,0.95,0.464285714285714,0.333333333333333,1,0.7
"chrb:6497",0.666666666666667,0.361111111111111,0.833333333333333,0.333333333333333,0.774193548387097,1
"chrb:6523",0.454545454545455,1,0.375,0.4375,0.161290322580645,0.2
"chrb:6568",0.478260869565217,0.0416666666666667,0.294117647058824,0.357142857142857,0.04,0.285714285714286
"chrb:7137",0.818181818181818,0.68,0.611111111111111,0.769230769230769,0.766666666666667,0.363636363636364
"chrb:7195",0.8,0.961538461538462,0.384615384615385,0.772727272727273,0.466666666666667,1
"chrb:7285",0.307692307692308,0.358974358974359,0.272727272727273,0.181818181818182,0.5,0.4
"chrb:7293",0.315789473684211,0.8,0.724137931034483,0.53125,0.52,0.272727272727273
"chrb:7376",0.0869565217391304,0.2,0.535714285714286,0.266666666666667,1,1
"chrb:7436",1,1,1,0.391304347826087,0.8,0.764705882352941
"chrb:7448",0.25,0.75,0.806451612903226,0.857142857142857,0.5,0.571428571428571
"chrb:7459",0.166666666666667,0.75,0.238095238095238,0,0.333333333333333,0.9375
"chrb:7480",0.25,0.0769230769230769,0.5,0.75,0.75,0.428571428571429
"chrb:7545",0.9,0.714285714285714,0.526315789473684,0.7,0.222222222222222,0.833333333333333
"chrb:7620",1,0.166666666666667,0.863636363636364,0.166666666666667,0.636363636363636,1
"chrb:7623",0.214285714285714,0.3125,0.375,0.264705882352941,1,0.928571428571429
"chrb:7747",0.0967741935483871,0.608695652173913,0.571428571428571,0.15,0.611111111111111,0.761904761904762
"chrb:7773",1,0.428571428571429,0.444444444444444,1,0.896551724137931,0.458333333333333
"chrb:7825",0.92,0,0.333333333333333,0.678571428571429,0.588235294117647,0.777777777777778
"chrb:7851",1,1,0.166666666666667,1,0.142857142857143,0.125
"chrb:7882",0.64,1,0.368421052631579,0.806451612903226,0.731707317073171,0.916666666666667
"chrb:7975",0.269230769230769,0.157894736842105,0.111111111111111,0.25,0.794871794871795,0
"chrb:8041",0.277777777777778,0.869565217391304,0.535714285714286,1,0.3,0.5
"chrb:8070",0.444444444444444,0.166666666666667,0.590909090909091,1,0.428571428571429,0.172413793103448
"chrb:8100",1,0.8,0.137931034482759,1,1,0
"chrb:8530",0.333333333333333,0.952380952380952,0.0714285714285714,0.363636363636364,0.615384615384615,0.142857142857143
"chrb:8741",0,0.3,0.275862068965517,0.4,0.555555555555556,1
"chrb:8820",1,0.4,1,0.923076923076923,0.416666666666667,0.785714285714286
"chrb:8903",0.4,0.525,0.357142857142857,0.892857142857143,0.789473684210526,0.91304347826087
"chrb:9142",0.285714285714286,0.8,0.59375,0.454545454545455,1,0.0833333333333333
"chrb:9216",0.466666666666667,0.25,0.6875,0.444444444444444,0.172413793103448,0.823529411764706
"chrb:9258",0.272727272727273,0.333333333333333,0.857142857142857,0.75,0.80952380952381,0.444444444444444
"chrb:9554",0.409090909090909,0.652173913043478,0.184210526315789,0.5,0.0476190476190476,0.733333333333333
"chrb:9572",0.275,0.818181818181818,0.521739130434783,0.789473684210526,0.666666666666667,0.166666666666667
"chrb:9584",0.826086956521739,0.727272727272727,0.5625,0.5,0.48,0.435897435897436
"chrb:9671",0.458333333333333,0.526315789473684,0.3,0.473684210526316,0.192307692307692,0.4
"chrb:9685",0.7,0.7,1,0.590909090909091,0.4375,0.875
"chrb:9702",0.4,0.0666666666666667,0.75,1,0.869565217391304,0.210526315789474
"chrb:9740",0.736842105263158,1,0.785714285714286,0.28,0.25,0.538461538461538
"chrb:9804",0.777777777777778,0.84375,0.413793103448276,0.529411764705882,0.666666666666667,1
"chrb:9845",1,0.588235294117647,0.740740740740741,0.5,0.6,0.428571428571429
"chrb:9882",0.833333333333333,0.153846153846154,0.7,0.666666666666667,0.230769230769231,0.227272727272727
"chrb:9910",0.7,0.666666666666667,1,1,0.5,0.25
"chrc:42",0.428571428571429,0.730769230769231,0.0833333333333333,1,1,1
"chrc:61",0.833333333333333,1,1,0.684210526315789,0.875,0.3
"chrc:176",0.333333333333333,0.85,0.40625,0.354838709677419,0.388888888888889,0.0833333333333333
"chrc:285",0.368421052631579,0.666666666666667,0.555555555555556,0,0.411764705882353,0.533333333333333
"chrc:309",0.869565217391304,0.75,1,0.666666666666667,0.884615384615385,0
"chrc:478",0.0555555555555556,0.928571428571429,0.384615384615385,0.361111111111111,1,1
"chrc:544",1,0.736842105263158,0.923076923076923,0.714285714285714,0.615384615384615,0.294117647058824
"chrc:663",0.909090909090909,0.777777777777778,0.222222222222222,0.84,0.153846153846154,0.538461538461538
"chrc:728",0.347826086956522,0.25,0.277777777777778,0.666666666666667,0.580645161290323,0.736842105263158
"chrc:741",0.037037037037037,0.545454545454545,0.8,1,0.954545454545455,0.631578947368421
"chrc:857",0,0.184210526315789,0.266666666666667,0.6,0.3125,1
"chrc:921",0.238095238095238,0.235294117647059,1,1,0.555555555555556,0
"chrc:1014",0.75,1,0.88,0.363636363636364,1,0.666666666666667
"chrc:1029",0.461538461538462,0.285714285714286,0.304347826086957,0.884615384615385,0.933333333333333,0.84375
"chrc:1077",0.131578947368421,0.6,0.173913043478261,0.833333333333333,0.375,0.368421052631579
"chrc:1121",0.482758620689655,0.615384615384615,0,0.8,0.823529411764706,0
"chrc:1434",0.619047619047619,0,0.578947368421053,0.558139534883721,0.866666666666667,0.782608695652174
"chrc:1477",0.205882352941176,0.217391304347826,0.846153846153846,1,0.25,0.631578947368421
"chrc:1819",0.857142857142857,1,1,0.541666666666667,0.571428571428571,0.555555555555556
"chrc:1836",0.84375,0.0454545454545455,0.4,0,1,0.354838709677419
"chrc:1869",0.916666666666667,0.214285714285714,0.208333333333333,0.111111111111111,1,1
"chrc:2253",0.681818181818182,1,0.434782608695652,0.666666666666667,0.807692307692308,0.024390243902439
"chrc:2270",0.12,0.166666666666667,0.478260869565217,0.9,0.6,0.75
"chrc:2274",0.25,0,0,0.705882352941177,0.208333333333333,0.846153846153846
"chrc:2499",0.227272727272727,0.761904761904762,0.0909090909090909,0.259259259259259,0.444444444444444,0.625
"chrc:2546",0.666666666666667,1,0.0625,0.529411764705882,0.0434782608695652,0.782608695652174
"chrc:2645",0.62962962962963,0.714285714285714,0.625,0.523809523809524,0.473684210526316,0.571428571428571
"chrc:2769",0.9,0.294117647058824,0.619047619047619,0.428571428571429,0.285714285714286,1
"chrc:2824",1,0.482758620689655,0.2,0.909090909090909,0.0952380952380952,0
"chrc:2984",0.647058823529412,0.653846153846154,1,0.625,0.857142857142857,0.588235294117647
"chrc:2997",0,0.636363636363636,0.846153846153846,1,1,0.947368421052632
"chrc:3036",0.466666666666667,0.166666666666667,0.785714285714286,0.111111111111111,0.434782608695652,0.222222222222222
"chrc:3354",0.666666666666667,0.75,0.3125,0.571428571428571,0.409090909090909,1
"chrc:3448",0.857142857142857,0.75,0.538461538461538,0,0.821428571428571,0.285714285714286
"chrc:3580",0.833333333333333,0.703703703703704,0.611111111111111,0.92,0.7,0.333333333333333
"chrc:3646",0.933333333333333,0.466666666666667,0.84,0.653846153846154,0.514285714285714,0.903225806451613
"chrc:3698",0.685714285714286,1,0.157894736842105,0.818181818181818,0.884615384615385,0.181818181818182
"chrc:3736",1,0.586206896551724,1,0.684210526315789,1,1
"chrc:3862",0.230769230769231,0.777777777777778,0.692307692307692,0.529411764705882,0.769230769230769,0.09375
"chrc:4182",0.5,0.142857142857143,0.5,0.538461538461538,0.818181818181818,0.6
"chrc:4457",0.875,0.25,0.769230769230769,0.0769230769230769,0.733333333333333,0.576923076923077
"chrc:4567",0.708333333333333,1,0.461538461538462,0,0.625,0.5
"chrc:4719",0.857142857142857,0.166666666666667,0.884615384615385,1,0.333333333333333,0.09375
"chrc:4786",0.235294117647059,0.333333333333333,0.84,0.777777777777778,0.869565217391304,0.125
"chrc:4822",0.363636363636364,0.909090909090909,0.933333333333333,0.4,0.333333333333333,0.238095238095238
"chrc:4823",0.393939393939394,0.647058823529412,0.333333333333333,0.642857142857143,1,0.5
"chrc:4834",0.555555555555556,0.25,0.777777777777778,0.714285714285714,0.166666666666667,0.25
"chrc:5210",0.571428571428571,0.931034482758621,0.921052631578947,0.464285714285714,0.529411764705882,0.761904761904762
"chrc:5281",1,0.941176470588235,0.272727272727273,0.571428571428571,1,0.666666666666667
"chrc:5380",0.266666666666667,1,0.45,0.222222222222222,0.931034482758621,0.107142857142857
"chrc:5647",0.857142857142857,0.105263157894737,0.181818181818182,0,0,1
"chrc:5683",0.6,1,0.0833333333333333,0.277777777777778,0.736842105263158,0.181818181818182
"chrc:5717",1,0.5,0.529411764705882,0.25,0,0.125
"chrc:5741",0.2,0.5,0.0526315789473684,0.3,0.75,1
"chrc:5811",0.91304347826087,0.642857142857143,0.459459459459459,0.25,1,0.285714285714286
"chrc:5836",0.80952380952381,0.80952380952381,0.76,0.35,1,1
"chrc:5853",0.333333333333333,1,0.258064516129032,0.6,0.578947368421053,0.1
"chrc:5988",0.103448275862069,0.227272727272727,1,0.676470588235294,0.9,0.285714285714286
"chrc:6036",0,0.705882352941177,0,0.914285714285714,0.533333333333333,0.588235294117647
"chrc:6120",0.590909090909091,0.5625,0.275862068965517,0.638888888888889,1,0.928571428571429
"chrc:6136",0.636363636363636,0.375,0.466666666666667,0.894736842105263,0.972222222222222,0.555555555555556
"chrc:6210",0.333333333333333,0.935483870967742,0,0.263157894736842,1,0.0714285714285714
"chrc:6381",0.461538461538462,0.222222222222222,0.71875,0.1,1,0.933333333333333
"chrc:6466",1,0.96875,0.631578947368421,0.888888888888889,0.571428571428571,0.684210526315789
"chrc:6538",0.5,0.157894736842105,0.1,0.548387096774194,0.291666666666667,1
"chrc:6718",0.923076923076923,1,0.76,0.652173913043478,1,0.75
"chrc:6763",0.318181818181818,1,0.142857142857143,0.764705882352941,0.172413793103448,0.2
"chrc:7019",1,0.583333333333333,0.457142857142857,0.24,0.28,0.0714285714285714
"chrc:7024",0.666666666666667,0.789473684210526,0.333333333333333,1,0.285714285714286,0.2
"chrc:7143",0.9,0.923076923076923,0.666666666666667,1,0.666666666666667,0.894736842105263
"chrc:7203",0.782608695652174,0.857142857142857,0.307692307692308,0.645161290322581,1,1
"chrc:7205",0.8,0.448275862068966,0.535714285714286,0.6,0,0.161290322580645
"chrc:7249",0.142857142857143,1,1,0.545454545454545,0.5,0.583333333333333
"chrc:7260",0.9,0.75,0.8,0.260869565217391,0.36,0.789473684210526
"chrc:7362",0.142857142857143,0,0.625,0.5,0.62962962962963,0.375
"chrc:7438",0.818181818181818,0.0769230769230769,0.454545454545455,0.789473684210526,0.0833333333333333,0.214285714285714
"chrc:7499",0,0.40625,0.5,1,0.0454545454545455,0.923076923076923
"chrc:7638",0.333333333333333,0.482758620689655,0.5,1,0.181818181818182,0.7
"chrc:7685",1,0.1,1,0.5,0.791666666666667,0.3125
"chrc:7768",0.666666666666667,0.108108108108108,0.9,0.75,0.523809523809524,0.0434782608695652
"chrc:7821",0.416666666666667,0,0.107142857142857,0.142857142857143,0.642857142857143,0.529411764705882
"chrc:7854",0.25,0.2,0.555555555555556,0.586206896551724,0.454545454545455,0.277777777777778
"chrc:7876",0.0714285714285714,0.285714285714286,0.25,0.65,0.523809523809524,0.375
"chrc:7880",0.88,0.476190476190476,0.444444444444444,1,0.64,0
"chrc:7907",0.230769230769231,1,0.703703703703704,0.866666666666667,1,1
"chrc:7909",0.227272727272727,0.67741935483871,0.666666666666667,0.75,0.428571428571429,0.588235294117647
"chrc:8015",0.037037037037037,0.48,0.15,0.24,0.9,0.222222222222222
"chrc:8249",0.740740740740741,0.2,1,0.388888888888889,1,1
"chrc:8369",0.565217391304348,0.75,0.173913043478261,0.192307692307692,0.263157894736842,1
"chrc:8401",0.619047619047619,0.388888888888889,0.454545454545455,0.904761904761905,0.533333333333333,0.444444444444444
"chrc:8704",0.307692307692308,0.523809523809524,0.772727272727273,0.894736842105263,0.857142857142857,0.526315789473684
"chrc:8861",1,0.40625,0.578947368421053,0.166666666666667,0.896551724137931,0.0344827586206897
"chrc:8975",0.259259259259259,0.952380952380952,1,0.966666666666667,0.956521739130435,0.769230769230769
"chrc:9189",0.392857142857143,0.111111111111111,0.545454545454545,0.695652173913043,0.904761904761905,1
"chrc:9193",0.666666666666667,0.222222222222222,0.0555555555555556,1,1,0.421052631578947
"chrc:9233",0.0526315789473684,0.333333333333333,0.0833333333333333,0.695652173913043,1,0.6
"chrc:9686",0.37037037037037,0.368421052631579,1,0.9,0.166666666666667,1
"chrc:9761",0,0,0.666666666666667,0.95,1,1
"chrc:9867",0.863636363636364,0.6,0.238095238095238,0.444444444444444,0.5,0.517241379310345
"chrc:9885",0.176470588235294,0.272727272727273,0.185185185185185,0.214285714285714,0.740740740740741,1
"chrd:77",0.0526315789473684,1,0.608695652173913,0.615384615384615,0.666666666666667,1
"chrd:144",0.921052631578947,1,0.333333333333333,0.888888888888889,0.483870967741935,0.928571428571429
"chrd:159",0.882352941176471,1,0.916666666666667,1,0.5,1
"chrd:182",0.434782608695652,0.416666666666667,0.105263157894737,0.375,1,0.125
"chrd:236",0.857142857142857,0.133333333333333,0.454545454545455,0.888888888888889,0.153846153846154,0.0588235294117647
"chrd:242",1,0.875,1,1,0.84,0.804878048780488
"chrd:292",0.473684210526316,0.705882352941177,1,0.411764705882353,0.27906976744186,0
"chrd:473",0.758620689655172,0.318181818181818,0.0869565217391304,0.476190476190476,0.363636363636364,0.5
"chrd:690",1,0.333333333333333,0.533333333333333,0.92,0.0666666666666667,0.121212121212121
"chrd:709",0.444444444444444,0.4,0.428571428571429,0.785714285714286,0.379310344827586,0.8
"chrd:711",0.666666666666667,0.294117647058824,0.592592592592593,0.0714285714285714,0.235294117647059,0.714285714285714
"chrd:965",0.842105263157895,0.4,0.636363636363636,1,1,0.529411764705882
"chrd:1062",0,1,0.476190476190476,0.142857142857143,1,0.214285714285714
"chrd:1078",1,0.555555555555556,1,0.518518518518518,0.789473684210526,0.761904761904762
"chrd:1117",1,0.25,1,0,0.230769230769231,0.115384615384615
"chrd:1144",0.375,0.791666666666667,0.736842105263158,0.777777777777778,0.125,1
"chrd:1149",0.764705882352941,0.8,0.37037037037037,0.657142857142857,0.9375,1
"chrd:1362",1,0.666666666666667,0.310344827586207,0.682926829268293,1,0.846153846153846
"chrd:1393",0.8,0,0.368421052631579,0.321428571428571,0.461538461538462,0.125
"chrd:1427",0.642857142857143,0.285714285714286,0.9,0.6,0.923076923076923,0.428571428571429
"chrd:1511",0.444444444444444,0.166666666666667,0.162162162162162,0.529411764705882,0.5,0
"chrd:1521",0.9,0.764705882352941,1,0.733333333333333,0.461538461538462,0.333333333333333
"chrd:1594",0.363636363636364,0.423076923076923,0.782608695652174,0.0769230769230769,0.25,1
"chrd:1644",0.5,1,0.303030303030303,0.25,0.615384615384615,0.15625
"chrd:1658",0.24390243902439,0.588235294117647,0.285714285714286,0.583333333333333,0.666666666666667,0.407407407407407
"chrd:1693",0.888888888888889,0.4,0.75,0.5,0.333333333333333,0.333333333333333
"chrd:1694",0.789473684210526,0.5,0.0645161290322581,0.3,1,0.307692307692308
"chrd:1748",0.857142857142857,0.866666666666667,0,0.6,0.037037037037037,0.166666666666667
"chrd:1801",0.2,0.5,0.904761904761905,0,0.166666666666667,0.956521739130435
"chrd:1803",0.566666666666667,0.84375,1,0.565217391304348,0.9,1
"chrd:1855",0.846153846153846,0.625,0.88,0.428571428571429,0.176470588235294,0.457142857142857
"chrd:2072",0.576923076923077,0.7,0.346153846153846,0.35,0.655172413793103,0.7
"chrd:2266",0.107142857142857,0.7,0.923076923076923,0.105263157894737,1,0.388888888888889
"chrd:2321",0.392857142857143,0.75,0.346153846153846,0.6875,0,0.739130434782609
"chrd:2414",0.25,0.866666666666667,0.444444444444444,1,0.230769230769231,0.136363636363636
"chrd:2454",0.692307692307692,1,0,1,0.964285714285714,0.75
"chrd:2470",0.0952380952380952,0.666666666666667,0.592592592592593,1,0.347826086956522,0.125
"chrd:2475",0.3125,1,0.1,0.8,1,0.333333333333333
"chrd:2501",0.5,1,1,0.523809523809524,0.777777777777778,0.181818181818182
"chrd:2582",1,0.214285714285714,0.285714285714286,0.285714285714286,1,0.827586206896552
"chrd:2669",0.666666666666667,0.76,1,0.846153846153846,0.275862068965517,0.25
"chrd:2812",1,1,0.607142857142857,1,0.125,0.222222222222222
"chrd:2909",0.230769230769231,0.628571428571429,0.882352941176471,0.733333333333333,0.388888888888889,0.740740740740741
"chrd:2994",0.363636363636364,0.125,1,0.25,0.37037037037037,0.878787878787879
"chrd:3073",0.789473684210526,0.186046511627907,0.388888888888889,0.727272727272727,0.315789473684211,0.48
"chrd:3075",1,0.428571428571429,0.923076923076923,0.125,0.6,0.722222222222222
"chrd:3213",1,0.0769230769230769,0.37037037037037,0.648648648648649,0,0.75
"chrd:3260",0.16,1,0.730769230769231,0.266666666666667,0.548387096774194,1
"chrd:3329",0.692307692307692,0.96875,1,0.75,1,0.727272727272727
"chrd:3366",0.928571428571429,0.142857142857143,0.538461538461538,0.92,0.774193548387097,0.666666666666667
"chrd:3395",0.2,0.615384615384615,1,0.586206896551724,0.176470588235294,1
"chrd:3420",0.166666666666667,0.636363636363636,0.238095238095238,0.75,0.2,0.333333333333333
"chrd:3696",0.925,0,0.785714285714286,0.666666666666667,0.857142857142857,0.294117647058824
"chrd:3749",1,1,0.583333333333333,0.585365853658537,0.111111111111111,0.941176470588235
"chrd:3777",0.958333333333333,0.416666666666667,0.6,0.272727272727273,0.380952380952381,0.739130434782609
"chrd:3778",0.12,0.0645161290322581,0.25,0.263157894736842,0.395348837209302,0.8
"chrd:3913",0.461538461538462,0.8,1,1,0.230769230769231,0
"chrd:3922",0.846153846153846,0.962962962962963,0.904761904761905,0.291666666666667,0,0.923076923076923
"chrd:3943",1,0.181818181818182,0,0,1,1
"chrd:4036",0.5625,1,1,0.125,0.28,0.846153846153846
"chrd:4160",0.3,0.571428571428571,0.6,0.769230769230769,0.243243243243243,0.565217391304348
"chrd:4328",0.833333333333333,0.620689655172414,0.933333333333333,0.96,0.21875,1
"chrd:5029",0.533333333333333,0.3125,0.266666666666667,0.761904761904762,0.0833333333333333,0.769230769230769
"chrd:5063",0.19047619047619,0.37037037037037,0.709677419354839,0.588235294117647,0.55,1
"chrd:5070",0.0714285714285714,1,0.702702702702703,0.263157894736842,0.7,0.37037037037037
"chrd:5079",0.25,0.45,1,0.421052631578947,0.615384615384615,0.651162790697674
"chrd:5123",0.25,0,0.423076923076923,0,1,0.142857142857143
"chrd:5153",0.25,0.631578947368421,0.305555555555556,1,0.181818181818182,0.321428571428571
"chrd:5450",0.777777777777778,0.2,0.717948717948718,0.466666666666667,0.44,0.3
"chrd:5539",0.892857142857143,0.764705882352941,1,0.742857142857143,0.518518518518518,0.395348837209302
"chrd:5557",0.631578947368421,0.227272727272727,1,0,0.769230769230769,0.903225806451613
"chrd:5934",0.75,0.666666666666667,0.923076923076923,0.448275862068966,0.730769230769231,0.8
"chrd:5981",0,0.172413793103448,1,0.722222222222222,0.55,1
"chrd:6295",1,0.409090909090909,1,0.217391304347826,1,0.611111111111111
"chrd:6616",1,0.789473684210526,0.421052631578947,0.75,0.611111111111111,0.307692307692308
"chrd:7237",0.25,0.8,0.233333333333333,0.125,0.25,1
"chrd:7272",0.291666666666667,0.833333333333333,1,0.296296296296296,0.842105263157895,0.434782608695652
"chrd:7356",0.782608695652174,0.696969696969697,0.0869565217391304,1,0,0.642857142857143
"chrd:7514",0.0526315789473684,0.333333333333333,0.9,0.684210526315789,0.333333333333333,0.846153846153846
"chrd:7581",0.888888888888889,0.857142857142857,0.25,0.178571428571429,0.25,0.122448979591837
"chrd:7705",0.357142857142857,0.631578947368421,1,0,0.272727272727273,0.636363636363636
"chrd:7832",0.5,0.227272727272727,1,0.827586206896552,0.523809523809524,0.166666666666667
"chrd:7929",0.0454545454545455,0.142857142857143,1,1,0.695652173913043,0.945945945945946
"chrd:8030",0.137931034482759,0.5,0.692307692307692,0.518518518518518,1,0.344827586206897
"chrd:8450",0.266666666666667,0.307692307692308,0.666666666666667,0.785714285714286,0.4,0.5
"chrd:8486",0.3,0,0.722222222222222,0.416666666666667,0.235294117647059,0.540540540540541
"chrd:8526",0.64,0.136363636363636,0.0625,1,0.16,0.272727272727273
"chrd:8529",0.689655172413793,0.391304347826087,0,0.6875,0.75,0.833333333333333
"chrd:8551",0.307692307692308,0.870967741935484,0.391304347826087,0.727272727272727,0.5,0.777777777777778
"chrd:8558",1,0.3,0.727272727272727,0.758620689655172,1,0.714285714285714
"chrd:8592",0.5,0.91304347826087,0.666666666666667,0.523809523809524,0.6,0.48
"chrd:8618",1,0.0625,0.84,0.352941176470588,0.666666666666667,0.75
"chrd:8922",0.230769230769231,0.75,0.4375,0.214285714285714,1,0.260869565217391
"chrd:8962",0.5625,0.214285714285714,0.5,1,0.580645161290323,0.0357142857142857
"chrd:9190",0.423076923076923,0.379310344827586,0.181818181818182,0.52,0.625,0.892857142857143
"chrd:9253",0.551724137931034,0.65,0.764705882352941,0.21875,0.413793103448276,0.4
"chrd:9331",0.466666666666667,0.9,0.142857142857143,0.333333333333333,0.75,0.833333333333333
"chrd:9447",0.307692307692308,0.333333333333333,0.428571428571429,1,0.272727272727273,0.352941176470588
"chrd:9717",0.238095238095238,1,1,0.181818181818182,0.529411764705882,0.777777777777778
"chrd:9954",0.633333333333333,0.166666666666667,0.153846153846154,0.666666666666667,0.173913043478261,1
"chre:298",0.588235294117647,0.25,0.903225806451613,1,0.210526315789474,0.857142857142857
"chre:316",1,1,1,1,1,0.0625
"chre:330",0.296296296296296,0.142857142857143,0.470588235294118,0.25,0.75,0.869565217391304
"chre:470",0.1875,0.333333333333333,0.0384615384615385,0,0.818181818181818,0.428571428571429
"chre:508",0.222222222222222,0.166666666666667,0.25,0.333333333333333,0.75,0.592592592592593
"chre:573",1,0.714285714285714,0.733333333333333,0.375,0.785714285714286,0.5625
"chre:592",0.258064516129032,0.75,0.416666666666667,0.133333333333333,0.91304347826087,0.461538461538462
"chre:751",1,0.46875,0.32258064516129,1,0.108108108108108,1
"chre:771",0.888888888888889,0.666666666666667,0.85,0.75,0.829787234042553,0
"chre:840",0.625,0.64,0.555555555555556,1,0.5,0.5
"chre:901",0.25,0.888888888888889,0.130434782608696,0.277777777777778,0.866666666666667,0.413793103448276
"chre:944",0,0.527777777777778,1,0.25,0.52,0.875
"chre:959",0.0909090909090909,0,0.5,1,0.6,0.12
"chre:969",0.571428571428571,0.4,0.6,0.125,0,0.419354838709677
"chre:994",0.789473684210526,0.173913043478261,0.266666666666667,0.37037037037037,0.517241379310345,0.769230769230769
"chre:1104",0.4375,0.117647058823529,0.214285714285714,0.787878787878788,0.4,0.823529411764706
"chre:1132",0.458333333333333,0.272727272727273,0.625,0.678571428571429,0.269230769230769,0.740740740740741
"chre:1253",1,0.2,0.142857142857143,1,0.285714285714286,0.551724137931034
"chre:1256",0.838709677419355,1,1,0.727272727272727,0.352941176470588,0.5625
"chre:1281",0.5,0.538461538461538,0.8,0.117647058823529,0.769230769230769,0.428571428571429
"chre:1340",1,1,0.64,0.4,0.566666666666667,0.428571428571429
"chre:1543",0.178571428571429,0.555555555555556,0.8125,0.75,0.222222222222222,0.678571428571429
"chre:1560",0.571428571428571,0.181818181818182,1,1,0.260869565217391,0.833333333333333
"chre:1576",0.333333333333333,0.04,0.09375,0.27027027027027,0.545454545454545,0.736842105263158
"chre:1640",0.583333333333333,0.185185185185185,0.333333333333333,0.0588235294117647,0,0.105263157894737
"chre:1888",0.533333333333333,0.161290322580645,0.428571428571429,0.875,0.434782608695652,0.545454545454545
"chre:1954",0.0833333333333333,0.52,0.481481481481481,0.434782608695652,0.631578947368421,0.75
"chre:1964",0.833333333333333,1,0.590909090909091,0.818181818181818,0.588235294117647,0.166666666666667
"chre:1969",0.75,1,1,0.333333333333333,0.2,0.714285714285714
"chre:2000",0,0.153846153846154,0.227272727272727,1,1,0.44
"chre:2064",1,0,0.466666666666667,0.9375,0.222222222222222,1
"chre:2131",0.0909090909090909,0.368421052631579,0.71875,0.806451612903226,0,0.6
"chre:2264",1,1,0.5,0.888888888888889,0.407407407407407,1
"chre:2273",0.333333333333333,0,0,0,0.272727272727273,0.833333333333333
"chre:2362",0.285714285714286,0.533333333333333,0.875,0.864864864864865,0.529411764705882,0.407407407407407
"chre:2717",0.533333333333333,0.314285714285714,1,1,1,0.818181818181818
"chre:2864",0.0909090909090909,0.541666666666667,0.458333333333333,0.617647058823529,0.571428571428571,0.558823529411765
"chre:2959",0.214285714285714,0.555555555555556,0.05,0.5,0.538461538461538,1
"chre:3480",0.565217391304348,0.0833333333333333,0.5,0.461538461538462,0.852941176470588,0.15
"chre:3499",1,0,0.48,0.1,1,0.380952380952381
"chre:3625",0.0588235294117647,0.0869565217391304,0.545454545454545,0.5,0.428571428571429,1
"chre:3628",0.0909090909090909,0.157894736842105,0.238095238095238,0.0625,0.181818181818182,0.157894736842105
"chre:3847",0.727272727272727,1,0,0.705882352941177,0.428571428571429,0.5
"chre:4069",0.692307692307692,0.923076923076923,0.12,0.285714285714286,1,0
"chre:4120",0.857142857142857,0.176470588235294,0.441176470588235,0.75,0.315789473684211,0.466666666666667
"chre:4135",0.266666666666667,0.821428571428571,0.789473684210526,0.875,0.464285714285714,0.821428571428571
"chre:4223",0.0357142857142857,0.56,0.275862068965517,0.08,0.307692307692308,0.375
"chre:4234",0.439024390243902,0.232558139534884,0.233333333333333,0.75,0.0588235294117647,0.0769230769230769
"chre:4457",1,0.714285714285714,1,0.5,0.4,0.678571428571429
"chre:4461",0,0.25,0.565217391304348,0.2,1,0.666666666666667
"chre:4489",0.5,0.166666666666667,0.918918918918919,0,1,0.642857142857143
"chre:4565",1,0.1875,0.464285714285714,0.4375,1,0.631578947368421
"chre:4777",0.5625,1,0.173913043478261,0.434782608695652,0.5,1
"chre:4812",0.740740740740741,0.6,0.454545454545455,1,0.740740740740741,0.4375
"chre:4903",0.166666666666667,0.857142857142857,0.466666666666667,1,0.571428571428571,0.157894736842105
"chre:5079",0.08,0.166666666666667,0.15625,0.3,0.666666666666667,0.62962962962963
"chre:5170",0.0869565217391304,0.444444444444444,1,0.8,0.454545454545455,0
"chre:5768",0.857142857142857,0.652173913043478,0.0588235294117647,0.777777777777778,0.6875,0.0833333333333333
"chre:5784",0.571428571428571,0.318181818181818,0.35,0.333333333333333,0.291666666666667,0.5
"chre:5888",0.84,0.173913043478261,0.142857142857143,0,0.888888888888889,0.333333333333333
"chre:5984",0.884615384615385,0.65,0.32,0.75,1,0.388888888888889
"chre:6055",0.8,0.666666666666667,0.636363636363636,1,0.266666666666667,0.705882352941177
"chre:6076",0.828571428571429,0.222222222222222,0.8,1,0.1875,1
"chre:6277",1,0.173913043478261,0.631578947368421,1,1,0
"chre:6337",0.21875,0.428571428571429,0.111111111111111,0.0952380952380952,1,1
"chre:6378",0.0869565217391304,0.58974358974359,0.416666666666667,0.555555555555556,0.666666666666667,0.857142857142857
"chre:6450",1,0.714285714285714,0.357142857142857,0.526315789473684,0.421052631578947,1
"chre:6481",0.56,0.0909090909090909,0.151515151515152,0.766666666666667,0.391304347826087,0.147058823529412
"chre:6663",0.411764705882353,0.782608695652174,0.846153846153846,0.181818181818182,0.888888888888889,0.0833333333333333
"chre:6755",0.789473684210526,0.870967741935484,0.2,0,0,0
"chre:6899",0.111111111111111,0.666666666666667,0.681818181818182,0.5,0.0869565217391304,0.0740740740740741
"chre:6917",1,0.411764705882353,0.827586206896552,0.941176470588235,0.947368421052632,0.173913043478261
"chre:7014",0.0625,0,0.448275862068966,1,0.684210526315789,0.2
"chre:7050",0.62962962962963,0.377777777777778,1,0.181818181818182,0.529411764705882,0.0833333333333333
"chre:7097",0.125,1,0.75,0.214285714285714,0.833333333333333,0.944444444444444
"chre:7102",1,0.590909090909091,0.857142857142857,0.666666666666667,1,0.45
"chre:7411",1,0.4,0.538461538461538,1,0.88,0.7
"chre:7552",0.277777777777778,0.689655172413793,0.125,0.387096774193548,0.769230769230769,0.456521739130435
"chre:7886",0.0869565217391304,0.166666666666667,0.571428571428571,0.333333333333333,1,0.214285714285714
"chre:7915",1,1,0.424242424242424,0.67741935483871,0.857142857142857,0
"chre:8037",0.290322580645161,0.263157894736842,0.777777777777778,0.555555555555556,0.454545454545455,0.666666666666667
"chre:8105",0.666666666666667,0.666666666666667,1,1,0.0714285714285714,0.8
"chre:8109",1,0.55,1,0.0769230769230769,0.375,0.666666666666667
"chre:8265",0.875,0.368421052631579,0.157894736842105,0.75,1,0.636363636363636
"chre:8365",0.133333333333333,1,1,0.4375,0.823529411764706,0.25
"chre:8367",0.904761904761905,1,1,0.833333333333333,0.722222222222222,0.75
"chre:8383",0.228571428571429,0.823529411764706,0.791666666666667,1,0.444444444444444,0.142857142857143
"chre:8465",0.789473684210526,0.736842105263158,0.0588235294117647,0,0.909090909090909,1
"chre:8477",0.727272727272727,0.578947368421053,0.75,0.428571428571429,0.684210526315789,0.7
"chre:8512",1,0.891891891891892,0.904761904761905,0.153846153846154,0.84,0.111111111111111
"chre:8611",0.375,0.173913043478261,0.9,0.714285714285714,0.8,0.172413793103448
"chre:8701",0.142857142857143,1,0.176470588235294,0.193548387096774,0.9,0.333333333333333
"chre:8718",0.466666666666667,0.888888888888889,0.75,0.4375,0.117647058823529,1
"chre:8851",0.333333333333333,0.4,0.352941176470588,1,0.8,0
"chre:9125",0,0.636363636363636,0.916666666666667,1,1,0.9
"chre:9468",0.6,0.676470588235294,0.375,0.857142857142857,0.945945945945946,1
"chre:9494",0.88,0.8,1,0.925925925925926,0.619047619047619,0.514285714285714
"chre:9660",0.5,0.951219512195122,0.857142857142857,0.0588235294117647,0.411764705882353,0.551724137931034
"chre:9694",0.888888888888889,0.380952380952381,0.0769230769230769,0.5,0,0.235294117647059
"chre:9991",0.612903225806452,0.375,0.176470588235294,0.535714285714286,0.5,0.219512195121951
"chrf:254",1,0.428571428571429,0.09375,1,0.5,1
"chrf:290",1,0.636363636363636,0.166666666666667,0.676470588235294,1,0.166666666666667
"chrf:579",0.333333333333333,1,0.875,0.615384615384615,0.368421052631579,0.717948717948718
"chrf:601",0.428571428571429,0.666666666666667,0,0.521739130434783,1,0.870967741935484
"chrf:823",0.777777777777778,0.142857142857143,0.78125,1,0.588235294117647,0.575
"chrf:921",1,0.666666666666667,0.5,0.769230769230769,0.2,0.6875
"chrf:952",0.578947368421053,1,0.5,0.785714285714286,0.75,0.275
"chrf:1046",0.846153846153846,0.307692307692308,0,1,0.586206896551724,1
"chrf:1194",0.2,0.170212765957447,0.388888888888889,0.333333333333333,0.611111111111111,0.0357142857142857
"chrf:1225",0.588235294117647,0.3125,0.529411764705882,0.225,0.0952380952380952,0.8
"chrf:1240",0.615384615384615,0.482758620689655,0.217391304347826,0.407407407407407,0,1
"chrf:1479",0.846153846153846,1,0.384615384615385,1,1,1
"chrf:1729",0.166666666666667,1,0.333333333333333,0.285714285714286,0.227272727272727,0.9
"chrf:1827",0.666666666666667,0.772727272727273,0,0.08,0.0625,1
"chrf:1968",0.666666666666667,0.5,1,0.916666666666667,0.52,0.65
"chrf:1973",0.5,1,0.655172413793103,0.454545454545455,0,1
"chrf:1984",1,0.923076923076923,0.6,0.454545454545455,0.206896551724138,0.590909090909091
"chrf:2083",0.371428571428571,0.857142857142857,0.86046511627907,0.444444444444444,0.285714285714286,0.0740740740740741
"chrf:2185",0.90625,0.333333333333333,0.421052631578947,0.315789473684211,0.615384615384615,0.142857142857143
"chrf:2262",0.285714285714286,0.227272727272727,0.176470588235294,0.666666666666667,0.5,0.315789473684211
"chrf:2481",0.527777777777778,0.272727272727273,0.823529411764706,0.727272727272727,0.529411764705882,1
"chrf:2507",1,0.842105263157895,0.875,0.392857142857143,0.285714285714286,0.333333333333333
"chrf:2657",0.153846153846154,0.607142857142857,0.68,1,0.583333333333333,0.625
"chrf:2672",0.837837837837838,1,0.153846153846154,0.166666666666667,1,1
"chrf:2792",0.838709677419355,0.555555555555556,0.777777777777778,1,0.384615384615385,0
"chrf:2927",0.4,0.407407407407407,0.75,0.3,0.578947368421053,0.793103448275862
"chrf:3054",0.5,1,0.413793103448276,0.777777777777778,0.8,0.695652173913043
"chrf:3127",0.157894736842105,0.0714285714285714,0.571428571428571,0.444444444444444,0.0555555555555556,0.304347826086957
"chrf:3169",0.928571428571429,0.32258064516129,0.454545454545455,0.0967741935483871,0.964285714285714,0
"chrf:3198",0.636363636363636,0.413793103448276,0.555555555555556,0.9,0.810810810810811,0.75
"chrf:3232",0.555555555555556,0.815789473684211,0.586206896551724,1,1,0.0588235294117647
"chrf:3268",0.8,1,1,0.68,0.307692307692308,0.666666666666667
"chrf:3412",0.592592592592593,0.583333333333333,0.823529411764706,0.296296296296296,0.636363636363636,0.4
"chrf:3597",0.0555555555555556,0,0.769230769230769,0.25,0.423076923076923,0.45
"chrf:3726",0.636363636363636,0.666666666666667,0.25,0.0869565217391304,0.5,0.36
"chrf:3729",0.96969696969697,0.4,0.166666666666667,0.0294117647058824,0.36,0.846153846153846
"chrf:3733",0.1875,0.222222222222222,0.580645161290323,0.8,0.7,0.538461538461538
"chrf:3843",0.846153846153846,0.294117647058824,0.4,1,0.8125,0.241379310344828
"chrf:3861",0.8,0.136363636363636,0.227272727272727,0.666666666666667,0.333333333333333,0.444444444444444
"chrf:4142",0.28,0.304347826086957,0.916666666666667,0.846153846153846,0.866666666666667,0.516129032258065
"chrf:4261",1,0,0.451612903225806,0.76,1,0.375
"chrf:4765",0.631578947368421,0.473684210526316,0.416666666666667,0.148148148148148,0.615384615384615,0.923076923076923
"chrf:4876",0.19047619047619,0.117647058823529,0.4,0.368421052631579,1,0.862068965517241
"chrf:4898",1,0.15,0.421052631578947,0.222222222222222,0.541666666666667,0.285714285714286
"chrf:4925",0.6,0.16,0.411764705882353,0.444444444444444,0.27027027027027,0.5
"chrf:4971",1,0.892857142857143,0.307692307692308,0.333333333333333,0.366666666666667,0.736842105263158
"chrf:5066",0.526315789473684,0.7,1,0.363636363636364,0.533333333333333,0.222222222222222
"chrf:5115",0.230769230769231,1,0.1875,0.484848484848485,0.448275862068966,0.846153846153846
"chrf:5255",0.303030303030303,0.75,0.681818181818182,0,0.2,0.642857142857143
"chrf:5629",0.08,0.666666666666667,0.583333333333333,0.375,0.6,0.882352941176471
"chrf:5631",0.6,0.285714285714286,1,0.0476190476190476,1,0.857142857142857
"chrf:5643",0.875,0.05,0.566666666666667,0.55,0.476190476190476,0.545454545454545
"chrf:5651",1,1,0.75,1,1,0.416666666666667
"chrf:5660",0.76,0.75,0.275862068965517,0.555555555555556,0.666666666666667,0.115384615384615
"chrf:5835",0.5,1,0.6,0.636363636363636,0.823529411764706,0.352941176470588
"chrf:5846",1,0.909090909090909,0.407407407407407,0.25,0,0
"chrf:5893",0.444444444444444,1,0.15,0.916666666666667,0.714285714285714,0.416666666666667
"chrf:6056",1,0.0909090909090909,0.0625,0.2,0.6,0.842105263157895
"chrf:6116",0.333333333333333,0.0833333333333333,0.428571428571429,0.125,0.958333333333333,0.545454545454545
"chrf:6142",0.230769230769231,0.352941176470588,0.432432432432432,0.6,1,0.533333333333333
"chrf:6363",0.0967741935483871,0.904761904761905,0.75,0.578947368421053,0.888888888888889,0.533333333333333
"chrf:6523",0.391304347826087,0.464285714285714,0.2,0.947368421052632,0.5,0.647058823529412
"chrf:6585",0.176470588235294,1,0.6875,0.571428571428571,0.138888888888889,1
"chrf:6652",0.666666666666667,0.807692307692308,0.736842105263158,1,0.763157894736842,0.0625
"chrf:6839",0.384615384615385,0.242424242424242,0.5,0.59375,1,0.846153846153846
"chrf:6849",0.357142857142857,1,0.75,1,0.5,0.28
"chrf:6870",0.727272727272727,0.210526315789474,0.318181818181818,0.3,0.952380952380952,0.9
"chrf:6883",0.875,0.833333333333333,0.5625,0.459459459459459,0.227272727272727,0.6875
"chrf:6954",0,0.368421052631579,0.863636363636364,0.111111111111111,0.7,0.153846153846154
"chrf:7095",0.529411764705882,0.111111111111111,0.444444444444444,0.826086956521739,0.333333333333333,0.862068965517241
"chrf:7127",0.636363636363636,0.0454545454545455,1,0,0.914285714285714,0.896551724137931
"chrf:7148",0.619047619047619,0.866666666666667,0.529411764705882,0.181818181818182,0.896551724137931,0.526315789473684
"chrf:7357",0.210526315789474,0.32258064516129,1,1,1,0.133333333333333
"chrf:7441",0.272727272727273,1,0.914285714285714,0.925925925925926,0.857142857142857,0.181818181818182
"chrf:7854",0.5,0.642857142857143,0.774193548387097,0.25,0.333333333333333,0.545454545454545
"chrf:8083",0.9375,0.545454545454545,0.428571428571429,0.8125,0.615384615384615,0.45
"chrf:8091",0.666666666666667,0.705882352941177,0.466666666666667,1,0.904761904761905,0.133333333333333
"chrf:8131",0.243243243243243,0.4375,0.0344827586206897,0.583333333333333,0.3125,0.37037037037037
"chrf:8152",0.15625,0.25,0.263157894736842,0.25,0.875,0.6
"chrf:8264",0.619047619047619,0.277777777777778,0.571428571428571,0.296296296296296,0.868421052631579,0.571428571428571
"chrf:8302",1,0.485714285714286,0.3,0.947368421052632,0.125,0.333333333333333
"chrf:8662",0.384615384615385,0.583333333333333,0.483870967741935,0.823529411764706,1,0.666666666666667
"chrf:8671",0.666666666666667,0.75,0.838709677419355,0.4,0.588235294117647,0.578947368421053
"chrf:8771",0.523809523809524,0.08,0.741935483870968,0.454545454545455,0.863636363636364,0.789473684210526
"chrf:8904",0,0.0833333333333333,0.230769230769231,1,0.666666666666667,0.3
"chrf:8932",0.666666666666667,0.451612903225806,0.473684210526316,0.586206896551724,0.0625,0.714285714285714
"chrf:8994",0.125,0.838709677419355,0.285714285714286,0.454545454545455,0.64,0.3
"chrf:9240",0.428571428571429,0.772727272727273,0.142857142857143,0.666666666666667,0.272727272727273,0.181818181818182
"chrf:9264",0.75,0.521739130434783,0.523809523809524,0.233333333333333,0.133333333333333,0.45
"chrf:9333",0.105263157894737,1,0.928571428571429,1,0,0
"chrf:9362",0.1,0.5,0.535714285714286,0.733333333333333,0.3,0.277777777777778
"chrf:9400",0.173913043478261,0.1,1,0.333333333333333,0.0714285714285714,0.576923076923077
"chrf:9533",0.833333333333333,0.857142857142857,0.818181818181818,0.533333333333333,0.0740740740740741,0.363636363636364
"chrf:9545",0.538461538461538,0.272727272727273,0.823529411764706,0.176470588235294,1,1
"chrf:9558",0,0.625,0.421052631578947,0.714285714285714,0.291666666666667,0.185185185185185
"chrf:9645",0.333333333333333,0.576923076923077,0.695652173913043,0.181818181818182,0.105263157894737,0.5
"chrf:9662",0.25,0.952380952380952,0.714285714285714,0.619047619047619,0.8,0.0833333333333333
"chrf:9675",0.72,1,0.846153846153846,0.378378378378378,0.666666666666667,0.545454545454545
"chrf:9781",0.703703703703704,0,0.529411764705882,0,0,0.619047619047619
"chrf:9875",0.588235294117647,0.107142857142857,0.411764705882353,0.25,0.583333333333333,0.636363636363636
"chrg:238",0.705882352941177,0.55,0.529411764705882,1,0.952380952380952,1
"chrg:309",0.347826086956522,0.28125,0.333333333333333,0.5,0.555555555555556,0.714285714285714
"chrg:349",0.5,0.909090909090909,0.428571428571429,0.351351351351351,0.818181818181818,0.769230769230769
"chrg:584",0,0.909090909090909,0.6,0.928571428571429,0.727272727272727,0.0454545454545455
"chrg:601",0.75,0.727272727272727,0.904761904761905,0.733333333333333,0.266666666666667,1
"chrg:622",0.310344827586207,0.555555555555556,0.3,1,0.333333333333333,0.166666666666667
"chrg:813",0.714285714285714,0.769230769230769,0.578947368421053,0.72,0.714285714285714,0.714285714285714
"chrg:1233",0.333333333333333,0.85,1,1,0.2,0.266666666666667
"chrg:1373",0.84375,0.692307692307692,0.166666666666667,0.590909090909091,0.384615384615385,0.714285714285714
"chrg:1444",0.821428571428571,0.1875,0,0.25,0.333333333333333,0.888888888888889
"chrg:1524",0.958333333333333,0.727272727272727,1,0.259259259259259,0.724137931034483,1
"chrg:1581",0.392857142857143,0.636363636363636,0.41025641025641,0.714285714285714,0.722222222222222,0.307692307692308
"chrg:1611",0.974358974358974,0.777777777777778,0.0714285714285714,0.689655172413793,0,0.75
"chrg:1722",0.551724137931034,0.470588235294118,0.466666666666667,0,0.827586206896552,0.130434782608696
"chrg:1823",0.217391304347826,0.157894736842105,0.789473684210526,0.5,1,0.25
"chrg:1926",0.526315789473684,0.866666666666667,0.28,0.0588235294117647,0.458333333333333,0.392857142857143
"chrg:1957",0.428571428571429,1,0.736842105263158,0.9,0.32,0.476190476190476
"chrg:1996",0.818181818181818,0.875,1,0.533333333333333,0.21875,0.939393939393939
"chrg:2078",0.0689655172413793,0.296296296296296,0.8,0.75,0.64,1
"chrg:2122",0.666666666666667,0.179487179487179,0.470588235294118,0.861111111111111,0.875,0.428571428571429
"chrg:2184",0.525,0.884615384615385,0.8125,0.8,0.342857142857143,0.666666666666667
"chrg:2270",0.266666666666667,0.962962962962963,0.565217391304348,0.705882352941177,0.53125,0.384615384615385
"chrg:2399",0.823529411764706,0.615384615384615,0.875,0.59375,0.0909090909090909,0.142857142857143
"chrg:2419",0.555555555555556,0.2,0.692307692307692,1,0.666666666666667,0.764705882352941
"chrg:2478",0.75,0.6,1,1,0.555555555555556,0.458333333333333
"chrg:2665",0.3,0.35,1,0.8125,0.647058823529412,1
"chrg:2721",0.388888888888889,1,0.0588235294117647,0.185185185185185,1,1
"chrg:2938",0.828571428571429,1,1,0.411764705882353,0.391304347826087,0
"chrg:2993",0.125,0.5,0.478260869565217,0.636363636363636,0.12,0.25
"chrg:3226",0.764705882352941,1,0.333333333333333,0.166666666666667,0.825,0.590909090909091
"chrg:3441",1,0.7,0.92,0.115384615384615,0.117647058823529,0.318181818181818
"chrg:3516",0.263157894736842,0.115384615384615,0.785714285714286,0.833333333333333,1,1
"chrg:3584",0.583333333333333,0.428571428571429,1,0.48,0.727272727272727,0.5
"chrg:3595",0.733333333333333,1,0.727272727272727,0.166666666666667,1,0.333333333333333
"chrg:3625",0.258064516129032,0.0740740740740741,0.857142857142857,0.666666666666667,0.5,1
"chrg:3649",1,0.571428571428571,0.75,0.666666666666667,0.533333333333333,0.529411764705882
"chrg:3652",0.147058823529412,1,0.391304347826087,0.0952380952380952,1,0.5
"chrg:3799",0.75,0.772727272727273,0.769230769230769,0.5,0.263157894736842,0.761904761904762
"chrg:4041",0.25,0.4,0.6,0.5,0.583333333333333,0.476190476190476
"chrg:4111",0.777777777777778,1,0.538461538461538,0.75,0.3,0.285714285714286
"chrg:4131",0,0.222222222222222,0.2,0.594594594594595,0.37037037037037,0.5
"chrg:4208",0.692307692307692,0.296296296296296,0.548387096774194,0.3125,1,0
"chrg:4410",0.105263157894737,0.91304347826087,0.666666666666667,0.6,0.944444444444444,0.80952380952381
"chrg:4431",0.5,0.405405405405405,0.230769230769231,0.925925925925926,0.608695652173913,0.470588235294118
"chrg:4476",0.833333333333333,1,0.666666666666667,0.64,0.92,1
"chrg:4495",0.714285714285714,0.0833333333333333,0.172413793103448,1,0.714285714285714,0.16
"chrg:4513",0.303030303030303,0.884615384615385,0.466666666666667,0.148148148148148,0.181818181818182,0.16
"chrg:4593",0.795454545454545,0.384615384615385,0.32258064516129,0.941176470588235,0.454545454545455,0.259259259259259
"chrg:4706",0.2,0.375,0.8,0.863636363636364,0.533333333333333,0.681818181818182
"chrg:4832",1,0.892857142857143,0.523809523809524,0.470588235294118,0.625,0.2
"chrg:4833",0,1,0.692307692307692,0.761904761904762,0.473684210526316,0.3125
"chrg:4967",0.6,0.25,0.914285714285714,1,1,0.416666666666667
"chrg:5019",0.909090909090909,0.333333333333333,0.7,0.260869565217391,1,0
"chrg:5110",0.538461538461538,0.409090909090909,0.682926829268293,0.769230769230769,0.12,0.136363636363636
"chrg:5252",0.379310344827586,0.5625,0.730769230769231,0.536585365853659,1,0.769230769230769
"chrg:5350",0.103448275862069,0.36,0.3,1,0.0625,0.756756756756757
"chrg:5579",0.136363636363636,0.3,0.476190476190476,0.166666666666667,1,0.173913043478261
"chrg:5665",1,0.263157894736842,0.394736842105263,0.6875,0.3125,0.666666666666667
"chrg:5781",0.954545454545455,0.3,0.35,1,0.764705882352941,1
"chrg:5809",0.869565217391304,0.454545454545455,0.384615384615385,0.739130434782609,0.277777777777778,0
"chrg:5845",0,0.409090909090909,0.923076923076923,0.857142857142857,0.714285714285714,0.75
"chrg:5852",0.884615384615385,0.714285714285714,0.730769230769231,0.909090909090909,0.833333333333333,0.740740740740741
"chrg:5932",0.142857142857143,0.166666666666667,0.416666666666667,0.8,0.869565217391304,0.916666666666667
"chrg:6008",0.8,1,0.875,0.307692307692308,0.103448275862069,0.833333333333333
"chrg:6011",0.235294117647059,0.583333333333333,0.115384615384615,0.32258064516129,0.75,0.333333333333333
"chrg:6046",0.608695652173913,0.384615384615385,0.0833333333333333,0.25,0.358974358974359,0.529411764705882
"chrg:6154",1,0.80952380952381,0.6,1,0.448275862068966,0.625
"chrg:6285",0.272727272727273,0.888888888888889,0.363636363636364,0.466666666666667,0.717948717948718,0.8
"chrg:6359",0.25,0.827586206896552,0.5,0.625,1,0.235294117647059
"chrg:6433",0.28,0.15625,0.238095238095238,0.4375,0.294117647058824,0.3
"chrg:6617",0,0.842105263157895,0.413793103448276,0.730769230769231,1,0.703703703703704
"chrg:6732",0.523809523809524,0.478260869565217,0.192307692307692,0.102564102564103,0.5,0.266666666666667
"chrg:6989",0.571428571428571,0.705882352941177,0.8,0.545454545454545,0.375,1
"chrg:7003",0.4,0.511111111111111,0.137931034482759,0.6,0.5,0.222222222222222
"chrg:7176",0.866666666666667,1,1,0.25,1,0.5
"chrg:7196",0.85,0,0.428571428571429,0.785714285714286,0.3,0.605263157894737
"chrg:7250",0.666666666666667,0.208333333333333,1,1,0.588235294117647,0.894736842105263
"chrg:7391",0.0869565217391304,0.1,1,0.571428571428571,0.642857142857143,1
"chrg:7728",0,0.0833333333333333,0.636363636363636,0.307692307692308,1,0.277777777777778
"chrg:7874",0.19047619047619,0.785714285714286,0.25,0.111111111111111,0,0.166666666666667
"chrg:7888",0,0.125,0.64,1,0.875,0.5
"chrg:8355",0.466666666666667,0.8,0.75,0.0344827586206897,0.193548387096774,0.735294117647059
"chrg:8373",1,0.647058823529412,0.1,0.804878048780488,1,0.678571428571429
"chrg:8383",1,0.230769230769231,0.941176470588235,1,0.0909090909090909,0.516129032258065
"chrg:8400",0.846153846153846,1,0.428571428571429,0.533333333333333,1,0.931034482758621
"chrg:8524",0.923076923076923,0.434782608695652,0.0769230769230769,1,0.0833333333333333,0.631578947368421
"chrg:8575",0.615384615384615,1,0.794871794871795,1,0.388888888888889,0.476190476190476
"chrg:8598",0.117647058823529,0.352941176470588,0.125,0.0810810810810811,0.9,0.142857142857143
"chrg:9066",0.75,0.266666666666667,0.263157894736842,0.411764705882353,0.857142857142857,0.333333333333333
"chrg:9181",0.15,1,0.375,0.769230769230769,0.67741935483871,0.416666666666667
"chrg:9202",0.111111111111111,0.7,0.357142857142857,1,0.71875,0.692307692307692
"chrg:9281",0.291666666666667,0.571428571428571,0.466666666666667,1,0.5,0.868421052631579
"chrg:9317",0.785714285714286,1,1,0.75,0.642857142857143,0.771428571428571
"chrg:9406",1,1,0.727272727272727,0.84,0.5,0.25
"chrg:9570",0.352941176470588,0.714285714285714,0.565217391304348,1,0.869565217391304,0.307692307692308
"chrg:9707",0.888888888888889,0.833333333333333,0.4,0.5,0.4,0.84375
"chrg:9721",0.379310344827586,0.692307692307692,0.894736842105263,0.851851851851852,0.75,1
"chrg:9771",0.125,0.555555555555556,0.884615384615385,0.692307692307692,1,0.476190476190476
"chrg:9841",0.258064516129032,0.0769230769230769,0,0.352941176470588,0.3,0.5
"chrg:9959",0.37037037037037,0,0.142857142857143,0.8,0.25,0
"chrh:211",0.6,0.407407407407407,0.739130434782609,0.315789473684211,0.2,0.8
"chrh:241",0.5,0.277777777777778,0.5,0.5,0.72,0.75
"chrh:500",0.111111111111111,0.181818181818182,1,0.538461538461538,0.523809523809524,0
"chrh:595",0.391304347826087,0.8,0.470588235294118,0.428571428571429,0.1,0.90625
"chrh:680",0.25,0.529411764705882,0.652173913043478,0.15,0.105263157894737,0.833333333333333
"chrh:727",0.409090909090909,0.9375,0.375,0.16,1,0.166666666666667
"chrh:736",0.947368421052632,0.416666666666667,0.705882352941177,0.558823529411765,0.375,0.884615384615385
"chrh:1095",0.166666666666667,0.7,0.666666666666667,0.964285714285714,1,0.3
"chrh:1160",0.176470588235294,0.115384615384615,0.933333333333333,0.4,0.333333333333333,0.78125
"chrh:1207",0.25,0.323529411764706,0.4,0.647058823529412,0.222222222222222,0.333333333333333
"chrh:1309",0.5,0.529411764705882,0.872340425531915,0.590909090909091,0.615384615384615,0.65
"chrh:1357",0.6875,0.346153846153846,0.743589743589744,1,0.272727272727273,0.769230769230769
"chrh:1383",0.25,0.166666666666667,0.428571428571429,0.111111111111111,0.347826086956522,0.636363636363636
"chrh:1515",0.755102040816326,0.25,0.5,0.714285714285714,0.125,0.333333333333333
"chrh:1570",0.181818181818182,0.878048780487805,0.580645161290323,0.375,0,1
"chrh:1640",0.96,0.928571428571429,0.478260869565217,0.576923076923077,0.0952380952380952,0.68
"chrh:1690",0.666666666666667,0.25,0.571428571428571,0.862068965517241,0.0731707317073171,0.884615384615385
"chrh:1765",0.314285714285714,1,0.258064516129032,0.125,0.857142857142857,0.333333333333333
"chrh:1815",0,0.242424242424242,0.125,0.542857142857143,0.0952380952380952,1
"chrh:2114",0.227272727272727,1,0.333333333333333,0.518518518518518,0.739130434782609,1
"chrh:2147",0.928571428571429,0.523809523809524,0.611111111111111,1,0.648648648648649,0.457142857142857
"chrh:2569",0.666666666666667,0.526315789473684,1,0.333333333333333,0.235294117647059,0.222222222222222
"chrh:2743",0.1875,0.428571428571429,0.516129032258065,0.875,0.777777777777778,0.352941176470588
"chrh:2809",0.0769230769230769,0.695652173913043,0.3,0.785714285714286,0.333333333333333,0.2
"chrh:2963",0.5,0.825,0.2,0,0.714285714285714,0.642857142857143
"chrh:3170",0.352941176470588,0,0.931034482758621,1,0.413793103448276,0.318181818181818
"chrh:3293",0.571428571428571,0.303030303030303,0.451612903225806,0.235294117647059,0.148148148148148,0.25
"chrh:3316",0.846153846153846,0.956521739130435,0.631578947368421,0,0.347826086956522,0.590909090909091
"chrh:3336",0.173913043478261,1,0.166666666666667,0.727272727272727,0.708333333333333,0.219512195121951
"chrh:3366",1,0.1,0.658536585365854,1,0.21875,0.807692307692308
"chrh:3390",0.590909090909091,0.375,0.0769230769230769,0.807692307692308,0.0833333333333333,1
"chrh:3439",1,1,0.947368421052632,0.571428571428571,0.2,0.823529411764706
"chrh:3749",0.2,0.75,0.176470588235294,0,0.428571428571429,1
"chrh:3777",1,1,0.0344827586206897,1,0.393939393939394,1
"chrh:3789",0.526315789473684,0.382352941176471,0.785714285714286,1,0.6,0.142857142857143
"chrh:3860",1,0,0.377777777777778,0.461538461538462,1,0.476190476190476
"chrh:3943",0.636363636363636,0.681818181818182,0.727272727272727,0.285714285714286,0.432432432432432,0.9375
"chrh:3951",0.0769230769230769,0.157894736842105,0.333333333333333,0.111111111111111,0.739130434782609,0.25
"chrh:4023",0.818181818181818,0.684210526315789,1,1,0.714285714285714,0.583333333333333
"chrh:4028",0.633333333333333,0.846153846153846,0.3,0,0.391304347826087,0.65
"chrh:4145",0.846153846153846,0.9,0.277777777777778,0.8,0.307692307692308,0.807692307692308
"chrh:4282",0.0882352941176471,0.55,0,0.869565217391304,1,0.153846153846154
"chrh:4685",1,0.0833333333333333,1,0.0384615384615385,0.25,1
"chrh:4864",0.333333333333333,1,0.181818181818182,0.5,0.375,0.611111111111111
"chrh:5044",1,1,0.833333333333333,1,1,0.235294117647059
"chrh:5166",0.65625,0.5,0.545454545454545,0.92,0.0769230769230769,0.733333333333333
"chrh:5233",0.96,0.863636363636364,0.689655172413793,0.523809523809524,0.461538461538462,0.241379310344828
"chrh:5478",0.529411764705882,0.548387096774194,1,0.0869565217391304,0.347826086956522,0.59375
"chrh:5522",0.473684210526316,0.129032258064516,0,0,0.56,0.242424242424242
"chrh:5604",0.1875,0.833333333333333,1,0.48,0.272727272727273,0.5
"chrh:5710",0.235294117647059,0.333333333333333,0.285714285714286,0.0833333333333333,0.736842105263158,0.4
"chrh:5724",0.714285714285714,1,0.8,0.62962962962963,0.84,0.6875
"chrh:5802",0.96969696969697,0.24,0.466666666666667,0.588235294117647,1,0.619047619047619
"chrh:5811",0.375,1,0.9,0.828571428571429,0.357142857142857,0.888888888888889
"chrh:6003",0.916666666666667,0.67741935483871,0,0.7,0.846153846153846,0.391304347826087
"chrh:6051",0.705882352941177,0,0.975609756097561,1,0.769230769230769,0.866666666666667
"chrh:6135",0.882352941176471,0.461538461538462,0.3,0,0.8125,1
"chrh:6314",0,0.0833333333333333,0.857142857142857,0.294117647058824,0.8,0.571428571428571
"chrh:6500",0.5,0.666666666666667,0.285714285714286,0.447368421052632,0.153846153846154,0.631578947368421
"chrh:6566",0.65,0.75,0.142857142857143,0.6875,1,0.0714285714285714
"chrh:6721",0.4375,0.315789473684211,0.5,0.85,0.777777777777778,0.263157894736842
"chrh:6759",1,0.28,0.333333333333333,0.285714285714286,0,0.705882352941177
"chrh:6898",0.689655172413793,0.384615384615385,0.64,0.103448275862069,0.0555555555555556,0.0689655172413793
"chrh:6909",0.947368421052632,0.620689655172414,1,0.421052631578947,0.210526315789474,0.829268292682927
"chrh:6929",1,1,0.333333333333333,1,0.185185185185185,1
"chrh:7266",0.111111111111111,0.291666666666667,0.6,0.147058823529412,0.454545454545455,0.58695652173913
"chrh:7274",0.235294117647059,0.0882352941176471,0.666666666666667,0.0769230769230769,0.1875,1
"chrh:7574",0.894736842105263,0.19047619047619,0,0.566666666666667,0.269230769230769,0.590909090909091
"chrh:7758",0.777777777777778,1,0.421052631578947,0.166666666666667,0.727272727272727,0.76
"chrh:7837",0.5,0.285714285714286,0.285714285714286,0.305555555555556,0.238095238095238,0.4375
"chrh:7906",0.827586206896552,0.833333333333333,1,0.666666666666667,0.533333333333333,0.40625
"chrh:7995",0.0869565217391304,0.333333333333333,1,1,1,0.4
"chrh:8170",0,0.666666666666667,0.958333333333333,0.619047619047619,0.444444444444444,0.529411764705882
"chrh:8172",0.555555555555556,0.103448275862069,0.307692307692308,0.3125,0.894736842105263,1
"chrh:8177",0.714285714285714,0.428571428571429,1,0.625,0.36,0.222222222222222
"chrh:8200",1,0.7,0.733333333333333,0.5,0.733333333333333,0.3
"chrh:8202",0.636363636363636,0.741935483870968,0.782608695652174,0.391304347826087,0.772727272727273,0.782608695652174
"chrh:8203",0.185185185185185,1,0.5,0.909090909090909,1,0.85
"chrh:8277",0.142857142857143,0.1,1,0.777777777777778,0.763157894736842,0.214285714285714
"chrh:8285",0.470588235294118,0.307692307692308,0.545454545454545,0.210526315789474,0.454545454545455,1
"chrh:8312",1,1,0,1,1,0.666666666666667
"chrh:8333",0.1875,0.75,0.935483870967742,0.142857142857143,1,0.611111111111111
"chrh:8581",1,0,1,0.0434782608695652,0.133333333333333,0.5
"chrh:8666",0.285714285714286,0.4375,0.44,0.684210526315789,0.583333333333333,0.375
"chrh:8843",0.75,0.636363636363636,1,0.971428571428571,0.592592592592593,0.90625
"chrh:8911",0.590909090909091,0.52,0.8125,0.6875,0.117647058823529,0.307692307692308
"chrh:8998",0.107142857142857,0.166666666666667,0.571428571428571,0.461538461538462,0.416666666666667,0.695652173913043
"chrh:9006",0.814814814814815,0.35,0.733333333333333,0.857142857142857,0.941176470588235,0.608695652173913
"chrh:9044",0.2,0.151515151515152,0.516129032258065,0.277777777777778,1,0.566666666666667
"chrh:9212",0.0714285714285714,0.259259259259259,0.259259259259259,0.916666666666667,0.75,0.5
"chrh:9349",0.181818181818182,0.307692307692308,0.5,0.526315789473684,1,0.444444444444444
"chrh:9496",1,0.764705882352941,0.944444444444444,0.727272727272727,0.25,0.857142857142857
"chrh:9572",0.0714285714285714,0.954545454545455,0.75,0.548387096774194,0.571428571428571,0.45
"chrh:9630",0.333333333333333,1,0.794871794871795,0.791666666666667,0.214285714285714,0.333333333333333
"chrh:9716",0.625,0.32,0.166666666666667,1,0.84,0.939393939393939
"chrh:9728",0.5,0.939393939393939,0.866666666666667,0.148148148148148,0.684210526315789,0.272727272727273
"chrh:9810",0.3,0.136363636363636,0.857142857142857,0.722222222222222,1,0.708333333333333
"chrh:9840",0.636363636363636,0.5,0.8,0.941176470588235,1,1
"chrh:9875",0.8,0.730769230769231,1,0.122448979591837,1,0.777777777777778
"chrh:9932",0.571428571428571,0.823529411764706,0.555555555555556,0.2,0.545454545454545,1
"chri:29",0.5,1,0.375,0.425,0.5,1
"chri:90",0.192307692307692,0,0.625,1,0,1
"chri:240",0.208333333333333,0.526315789473684,0.153846153846154,0.1875,0.771428571428571,0.473684210526316
"chri:275",0.25,0.642857142857143,0.80952380952381,0.75,0.333333333333333,0.423076923076923
"chri:352",0.92,0.935483870967742,0.4,0.433333333333333,0,0.666666666666667
"chri:513",0.363636363636364,1,0.421052631578947,0.444444444444444,0.789473684210526,0.272727272727273
"chri:585",0.6,0.34375,0.8,0.363636363636364,1,0.235294117647059
"chri:594",0.44,0.434782608695652,0.166666666666667,0.928571428571429,0.333333333333333,1
"chri:765",0.08,0.421052631578947,0.638888888888889,0.32258064516129,0.538461538461538,0.238095238095238
"chri:818",0.166666666666667,0.5,0.25,0.772727272727273,0.142857142857143,0.864864864864865
"chri:832",0,0.189189189189189,0.263157894736842,0.173913043478261,0.75,0.545454545454545
"chri:938",0.806451612903226,0.571428571428571,0.454545454545455,1,0.555555555555556,0.444444444444444
"chri:966",0.5,1,0.393939393939394,0.76,0.333333333333333,0.928571428571429
"chri:1343",0.291666666666667,0.310344827586207,1,0.529411764705882,1,0.88
"chri:1459",0,0.62962962962963,1,1,0.5625,0.75
"chri:1584",1,0.482758620689655,1,1,0.0263157894736842,0.8
"chri:1659",0.529411764705882,0.4375,0.541666666666667,0.714285714285714,0.4375,0.470588235294118
"chri:1667",0.735294117647059,0.363636363636364,0.482758620689655,0.6,0.777777777777778,0.826086956521739
"chri:1926",0.277777777777778,0.65,0.857142857142857,0.777777777777778,0.428571428571429,0.444444444444444
"chri:1962",0.238095238095238,0.375,0.5,0.368421052631579,0.130434782608696,0.214285714285714
"chri:2028",0.7,1,0.628571428571429,0.307692307692308,0,0.571428571428571
"chri:2683",0.0666666666666667,0.272727272727273,1,0.352941176470588,0.2,1
"chri:2813",1,0.526315789473684,0.529411764705882,0,0.461538461538462,1
"chri:2881",0.195652173913043,0.0645161290322581,0,0.375,0.777777777777778,0.5
"chri:2887",0.866666666666667,1,0.666666666666667,0.3125,0.521739130434783,0.692307692307692
"chri:2963",0.25,0.769230769230769,0.75,0.357142857142857,0.0666666666666667,1
"chri:2975",0.526315789473684,0.857142857142857,0.5,0.75,1,0.5
"chri:3520",0.36,0.580645161290323,1,1,1,0.583333333333333
"chri:3585",0.727272727272727,0.894736842105263,1,0.333333333333333,0.333333333333333,0.457142857142857
"chri:3620",0.454545454545455,0.533333333333333,0.526315789473684,1,0.473684210526316,0.818181818181818
"chri:3621",0.782608695652174,0.8,0.484848484848485,0.636363636363636,0.105263157894737,1
"chri:3723",1,1,0.5,0.523809523809524,0.75,1
"chri:3935",0.866666666666667,0.636363636363636,0.842105263157895,0.5,0.555555555555556,0.533333333333333
"chri:3970",0.0540540540540541,0.947368421052632,0.46875,0.307692307692308,0.0833333333333333,0.71875
"chri:4135",0.238095238095238,0.785714285714286,0.2,1,0.590909090909091,0
"chri:4296",0.25,0.676470588235294,0.533333333333333,1,0.545454545454545,0.619047619047619
"chri:4422",1,1,0.416666666666667,0.142857142857143,0,0.866666666666667
"chri:4431",0.523809523809524,1,0.882352941176471,0.354838709677419,0.333333333333333,0.4375
"chri:4445",0.5,0.142857142857143,0.142857142857143,0.157894736842105,1,0.5
"chri:4598",0.466666666666667,0.75,0.636363636363636,0.2,0.333333333333333,0.304347826086957
"chri:4603",0.0967741935483871,0.2,0.76,0.615384615384615,0.882352941176471,1
"chri:4638",0.606060606060606,0.666666666666667,0.864864864864865,0.75,1,0.4
"chri:4707",0.904761904761905,0.333333333333333,0.314285714285714,0.425531914893617,0.772727272727273,0.625
"chri:4831",0.333333333333333,0.555555555555556,0.444444444444444,0.652173913043478,0.421052631578947,0.545454545454545
"chri:4898",0.766666666666667,0.208333333333333,0,1,0.444444444444444,0.833333333333333
"chri:4943",0.125,0.333333333333333,0.476190476190476,0.0344827586206897,0.142857142857143,0.75
"chri:4974",0.533333333333333,1,0.666666666666667,0.5,0.12,0.925
"chri:5017",1,0.075,0.173913043478261,0.944444444444444,0.625,0.551724137931034
"chri:5191",0.923076923076923,0.285714285714286,0.692307692307692,0.333333333333333,0.208333333333333,0.333333333333333
"chri:5222",0.428571428571429,1,0.0909090909090909,0.19047619047619,0.6,0.357142857142857
"chri:5335",1,0.909090909090909,1,0.785714285714286,0,0.363636363636364
"chri:5347",0.631578947368421,0.428571428571429,0.727272727272727,0.578947368421053,0.782608695652174,0.708333333333333
"chri:5364",0.619047619047619,0.333333333333333,0.892857142857143,0.05,0.391304347826087,0.291666666666667
"chri:5460",0.5,1,0.461538461538462,0.75,1,1
"chri:5469",0.612903225806452,0.391304347826087,0.444444444444444,0.352941176470588,0.875,0.192307692307692
"chri:5664",0.266666666666667,0.793103448275862,1,0.52,1,0.785714285714286
"chri:5763",0.478260869565217,0.478260869565217,0.76,0.588235294117647,0.6,1
"chri:6020",1,1,0.558139534883721,0.76,0.476190476190476,0.875
"chri:6159",1,0.8,0.0357142857142857,1,0.777777777777778,0.583333333333333
"chri:6211",0,0.454545454545455,1,0.666666666666667,0.2,0.611111111111111
"chri:6352",0.28,1,0.2,0.705882352941177,1,0.103448275862069
"chri:6393",0.4,0.0833333333333333,0.411764705882353,1,0.684210526315789,0.347826086956522
"chri:6444",0.0909090909090909,0.0666666666666667,0.285714285714286,0.958333333333333,0.307692307692308,0.133333333333333
"chri:6560",0.708333333333333,0.476190476190476,0.846153846153846,0.388888888888889,0.230769230769231,0.75
"chri:6609",0.71875,0.583333333333333,0.294117647058824,0.866666666666667,0.5,0
"chri:6641",0.731707317073171,0.7,0.4,1,0.75,0
"chri:6690",0.0833333333333333,0.666666666666667,1,0.627906976744186,0.368421052631579,0.647058823529412
"chri:6873",0.08,0.8,1,0.64,0.714285714285714,0.0769230769230769
"chri:7137",0,0.0967741935483871,0.566666666666667,0.769230769230769,0.0833333333333333,0.55
"chri:7230",0,1,0.516129032258065,0.571428571428571,0,0.392857142857143
"chri:7248",0.595238095238095,0.769230769230769,0.315789473684211,1,0.448275862068966,0.208333333333333
"chri:7283",0.794117647058823,1,0.391304347826087,0.823529411764706,0.388888888888889,0.25
"chri:7549",1,1,0.909090909090909,0.0952380952380952,0.04,0.518518518518518
"chri:7560",1,0.230769230769231,0.9,0.636363636363636,0.653846153846154,0.166666666666667
"chri:7582",0.928571428571429,1,1,0.5,0.615384615384615,0.333333333333333
"chri:7617",0.205128205128205,0.416666666666667,0.411764705882353,0.25,0.428571428571429,0.2
"chri:7625",0.404761904761905,0.769230769230769,0.8,0.2,0.764705882352941,1
"chri:7744",0.6,0.178571428571429,0.533333333333333,1,0.526315789473684,0.294117647058824
"chri:7760",0,0.88,1,0,0.363636363636364,0.2
"chri:7801",0.4,0.24390243902439,0.375,0.833333333333333,0.176470588235294,0.27027027027027
"chri:7950",0.444444444444444,0.6,0.5,0.296296296296296,1,1
"chri:8109",0.310344827586207,0.416666666666667,0.545454545454545,0.545454545454545,0.347826086956522,0.0666666666666667
"chri:8179",0.375,0.214285714285714,0.111111111111111,0.961538461538462,0.25,0.121212121212121
"chri:8455",0.846153846153846,1,0.125,0.590909090909091,1,0.694444444444444
"chri:8633",0.846153846153846,0.266666666666667,0.25,0.25,0.363636363636364,0.868421052631579
"chri:8900",0.526315789473684,0.324324324324324,0.25,1,1,0.230769230769231
"chri:8906",0.333333333333333,0.368421052631579,1,0,1,0.571428571428571
"chri:8973",1,0.545454545454545,1,0.928571428571429,0.421052631578947,0.675675675675676
"chri:9125",0.444444444444444,0.25,0.2,0.5,0.434782608695652,0.484848484848485
"chri:9285",0.714285714285714,0.785714285714286,0,0.0833333333333333,0.862068965517241,0.285714285714286
"chri:9288",0.884615384615385,0.176470588235294,0.2,1,0.533333333333333,1
"chri:9356",0.444444444444444,0.428571428571429,0.3,0.0526315789473684,0.8,0.333333333333333
"chri:9472",0.75,0.833333333333333,0.91304347826087,0.414634146341463,0.75,0.657142857142857
"chri:9532",0.0454545454545455,1,0.48,0.52,0.85,0.371428571428571
"chri:9583",0.84,0.842105263157895,1,0.1,0.25,1
"chri:9615",0.0689655172413793,0,0.277777777777778,0,0.615384615384615,0.8
"chri:9617",0.379310344827586,0.91304347826087,1,0.9375,0,0.1875
"chri:9717",0.615384615384615,0.25,0.882352941176471,0.615384615384615,0.333333333333333,0.347826086956522
"chri:9742",0.944444444444444,0.142857142857143,0.344827586206897,0.885714285714286,0,0.566666666666667
"chri:9843",0.692307692307692,0.2,1,0.777777777777778,0.666666666666667,0.8125
"chrj:6",0.64,0.3125,0.354838709677419,0.391304347826087,0.615384615384615,0.585365853658537
"chrj:16",0.666666666666667,0.888888888888889,0.470588235294118,0.620689655172414,0.914285714285714,0.256410256410256
"chrj:58",0.35,0.236842105263158,1,1,0.846153846153846,0.473684210526316
"chrj:149",0.5,1,0.421052631578947,0.433333333333333,0.666666666666667,0.272727272727273
"chrj:180",0.421052631578947,0.619047619047619,1,0.428571428571429,0.814814814814815,0.75
"chrj:192",0,0,0.743589743589744,0.3,0.7,0.448275862068966
"chrj:268",1,0.642857142857143,0.166666666666667,0.6,1,0.789473684210526
"chrj:561",0.0666666666666667,0.407407407407407,0.354838709677419,1,0,0.0714285714285714
"chrj:600",0.222222222222222,0.466666666666667,0.695652173913043,1,0.266666666666667,0.636363636363636
"chrj:806",0.166666666666667,0.555555555555556,0.0769230769230769,0.695652173913043,0.272727272727273,0.75
"chrj:824",0.5,0.714285714285714,0.733333333333333,0.764705882352941,1,0.5
"chrj:853",0.740740740740741,0.588235294117647,0.565217391304348,0.842105263157895,1,0.714285714285714
"chrj:893",0.4,0.19047619047619,0.130434782608696,0.774193548387097,0.875,0.28
"chrj:916",0.25,0.75,0.7,0.645161290322581,0.272727272727273,0.666666666666667
"chrj:951",0.888888888888889,0.9,1,0.238095238095238,0.421052631578947,0.517241379310345
"chrj:1008",0.181818181818182,0.545454545454545,0.153846153846154,0.838709677419355,0.5,0.428571428571429
"chrj:1058",0.185185185185185,1,0.5,0.708333333333333,0.304347826086957,0.384615384615385
"chrj:1090",0.619047619047619,0.0833333333333333,0.717948717948718,0.444444444444444,0.032258064516129,0.157894736842105
"chrj:1350",0.785714285714286,0.771428571428571,0.380952380952381,0.733333333333333,0.421052631578947,0.933333333333333
"chrj:1381",1,0.5,0.444444444444444,0.777777777777778,0.19047619047619,0.555555555555556
"chrj:1458",0.212121212121212,0.488888888888889,0.714285714285714,0.793103448275862,0.346153846153846,0.416666666666667
"chrj:1550",0.454545454545455,0.608695652173913,1,0,0,0.476190476190476
"chrj:1676",0.333333333333333,0.954545454545455,0.705882352941177,0.375,0.307692307692308,0.535714285714286
"chrj:1723",0.333333333333333,0.222222222222222,1,0.666666666666667,0.142857142857143,0.368421052631579
"chrj:1776",0.466666666666667,0.285714285714286,0.181818181818182,0.307692307692308,0.181818181818182,1
"chrj:1991",0.952380952380952,0.428571428571429,0.5,1,0.25,0.266666666666667
"chrj:2065",0.6,0.75,0.0952380952380952,0.8,0.842105263157895,0.5
"chrj:2230",0.0769230769230769,0.733333333333333,1,0.285714285714286,0.310344827586207,1
"chrj:2245",0.8,0.894736842105263,0.571428571428571,0.733333333333333,0.19047619047619,0.181818181818182
"chrj:2246",0.222222222222222,0.105263157894737,1,0.111111111111111,0.1875,0.125
"chrj:2247",0,0.19047619047619,0.75,0.636363636363636,0.823529411764706,1
"chrj:2300",0.75,0.5,0.307692307692308,0.806451612903226,0.5,0.85
"chrj:2630",0.25,0.117647058823529,0.548387096774194,0.5,1,1
"chrj:2770",1,0.212121212121212,0.740740740740741,0.416666666666667,0.695652173913043,0.6
"chrj:2820",0.5,0.416666666666667,0.848484848484849,0.9,0.28125,0.176470588235294
"chrj:2876",0.181818181818182,0.483870967741935,1,1,0.653846153846154,0.6
"chrj:3274",0.275862068965517,1,0.388888888888889,0.107142857142857,0.846153846153846,0.0666666666666667
"chrj:3277",0.833333333333333,0.357142857142857,0.25,0.944444444444444,0.714285714285714,1
"chrj:3304",0.870967741935484,0,1,0.588235294117647,0.612903225806452,0.6
"chrj:3627",1,0.24,0.666666666666667,1,0.153846153846154,1
"chrj:3659",0.62962962962963,0.115384615384615,0.5625,0.125,0.333333333333333,0.0625
"chrj:3675",0.25,0.4,0.7,0.461538461538462,0.885714285714286,0.740740740740741
"chrj:3730",0.966666666666667,0.318181818181818,0.121212121212121,0.294117647058824,0.15,0.384615384615385
"chrj:3739",0.75,0.615384615384615,0.975609756097561,0,0.25,1
"chrj:3743",0,0.961538461538462,0.8,0,0.5,0
"chrj:3839",0.333333333333333,0,0.516129032258065,1,0.448275862068966,0.384615384615385
"chrj:3890",0.611111111111111,0.666666666666667,0.413793103448276,0.48780487804878,0.142857142857143,0.653846153846154
"chrj:3967",0.9,0.210526315789474,0.333333333333333,0.111111111111111,0.782608695652174,0.947368421052632
"chrj:4095",0.105263157894737,0.652173913043478,0.0714285714285714,0.535714285714286,0.107142857142857,1
"chrj:4191",0.583333333333333,1,1,0.735294117647059,0.5,0
"chrj:4520",0.5,0.363636363636364,1,0.733333333333333,0.636363636363636,0.4375
"chrj:4795",0.114285714285714,0,0.538461538461538,0.684210526315789,0.368421052631579,0.153846153846154
"chrj:5074",1,0.473684210526316,0.428571428571429,0.285714285714286,1,0.133333333333333
"chrj:5120",1,0.758620689655172,0.166666666666667,0,0.619047619047619,0
"chrj:5226",0.2,0.466666666666667,0.333333333333333,0.444444444444444,0.78125,0.368421052631579
"chrj:5247",0.5,0.166666666666667,0.238095238095238,0.346153846153846,0.566666666666667,0
"chrj:5269",0.351351351351351,0.833333333333333,1,0.481481481481481,0,0.470588235294118
"chrj:5295",0.722222222222222,0.454545454545455,0.8,0.769230769230769,0.818181818181818,0.7
"chrj:5541",0.538461538461538,0.0909090909090909,0.65,0.0625,0,0.24
"chrj:5702",0.2,0.705882352941177,0.181818181818182,1,0.714285714285714,1
"chrj:5735",0.466666666666667,0.56,0.142857142857143,0.590909090909091,0.571428571428571,0.9
"chrj:6002",0.666666666666667,0.8,0.857142857142857,0.333333333333333,0.714285714285714,1
"chrj:6157",0.852941176470588,0.857142857142857,0.636363636363636,0.285714285714286,0,0.696969696969697
"chrj:6171",0.242424242424242,0.454545454545455,0,0.785714285714286,0.291666666666667,0.5
"chrj:6216",0.142857142857143,0.75,0.5625,0.888888888888889,0.333333333333333,0.15
"chrj:6262",0.4,0.264705882352941,0.7,0.818181818181818,0.153846153846154,0.266666666666667
"chrj:6414",0.931034482758621,0.476190476190476,0.823529411764706,0.388888888888889,1,0.545454545454545
"chrj:6687",0.775,0.611111111111111,1,0.1875,1,0.642857142857143
"chrj:6877",0.923076923076923,0.266666666666667,0.8125,0.210526315789474,0.606060606060606,0.75
"chrj:7051",0.571428571428571,0,0.666666666666667,0.214285714285714,0.666666666666667,1
"chrj:7054",0,0.411764705882353,0.222222222222222,0.583333333333333,0.8,0.5
"chrj:7188",1,0.333333333333333,0.111111111111111,0.347826086956522,0.5,1
"chrj:7231",0.692307692307692,0.777777777777778,1,0.551724137931034,0.538461538461538,0.225
"chrj:7325",0.25,0.452380952380952,0,0.75,0.5,0.892857142857143
"chrj:7363",0.208333333333333,0.0769230769230769,0.75,0.227272727272727,0.526315789473684,0.136363636363636
"chrj:7450",1,0.416666666666667,0.225806451612903,0.684210526315789,1,0.1
"chrj:7554",0.909090909090909,0.16,1,0,0.0625,0.59375
"chrj:7597",0.523809523809524,0.5625,0.870967741935484,0.25,0.472222222222222,0.933333333333333
"chrj:8238",0.263157894736842,0.0833333333333333,0.741935483870968,0.833333333333333,1,0.0909090909090909
"chrj:8667",0.636363636363636,0.636363636363636,0.705882352941177,0.65,0.434782608695652,0.838709677419355
"chrj:8731",1,0.434782608695652,1,1,0,1
"chrj:8735",0.875,0.285714285714286,0.172413793103448,0,0.0810810810810811,1
"chrj:8803",0.923076923076923,0.538461538461538,0.555555555555556,0.08,0.28125,0.375
"chrj:8853",0.310344827586207,0.307692307692308,0.1,1,0.25,0.636363636363636
"chrj:8932",0.8,1,0,0.419354838709677,0.185185185185185,0.333333333333333
"chrj:8976",0.862068965517241,0.625,1,0.56,0.2,0.6
"chrj:9003",0.622222222222222,0.428571428571429,0.0833333333333333,0.964285714285714,0.444444444444444,0.2
"chrj:9049",0.742857142857143,0.611111111111111,0.3,0.25,1,0.181818181818182
"chrj:9174",0.6,0.8,0.769230769230769,0.6,0.88,1
"chrj:9335",0.375,0.136363636363636,1,0.195121951219512,0.352941176470588,0.0833333333333333
"chrj:9365",0.578947368421053,0.842105263157895,0.466666666666667,0,0.642857142857143,0.344827586206897
"chrj:9429",0.658536585365854,0.388888888888889,1,0.608695652173913,0.727272727272727,0.5625
"chrj:9434",0.375,0.615384615384615,0.5,0.862068965517241,0.032258064516129,0.0526315789473684
"chrj:9438",0.478260869565217,0.161290322580645,1,0.130434782608696,0.939393939393939,0.631578947368421
"chrj:9448",0.76,0.88,1,1,0,0.636363636363636
"chrj:9452",0.777777777777778,1,0,0.586206896551724,0.433333333333333,0.178571428571429
"chrj:9542",0.807692307692308,0.5,0.05,0.0714285714285714,0.19047619047619,0.0625
"chrj:9672",0.454545454545455,0.379310344827586,0.458333333333333,0.666666666666667,0.137931034482759,1
"chrj:9837",0.105263157894737,0.48,0.894736842105263,0.380952380952381,0.227272727272727,0.703703703703704
"chrj:9848",0.535714285714286,0.208333333333333,0.307692307692308,0.166666666666667,0.0909090909090909,0
"chrk:120",0.454545454545455,0,0.4,0.916666666666667,0.694444444444444,0.307692307692308
"chrk:191",0.166666666666667,0.173913043478261,0.833333333333333,0.48,0.526315789473684,0.409090909090909
"chrk:347",1,0.5,0.68,1,0.285714285714286,0.133333333333333
"chrk:360",1,0.19047619047619,0.6,0,0.354838709677419,1
"chrk:398",0.363636363636364,0.411764705882353,0.533333333333333,1,0.714285714285714,0.8
"chrk:538",0.318181818181818,0.181818181818182,0.5,0.481481481481481,0.666666666666667,0.363636363636364
"chrk:559",0.588235294117647,0.0714285714285714,0.15,0.655172413793103,0.931034482758621,1
"chrk:654",0.777777777777778,0.529411764705882,0.269230769230769,0.0588235294117647,0.76,0.791666666666667
"chrk:705",0.5,0.68,0.8,0.444444444444444,0.538461538461538,0.5
"chrk:727",0.137931034482759,0.8,1,1,0.538461538461538,1
"chrk:746",0.884615384615385,0.655172413793103,0.9375,0.64,0.428571428571429,0.5
"chrk:884",0.28125,0.32,0.91304347826087,0.625,0.945945945945946,0.419354838709677
"chrk:926",0.6875,1,0,0.125,0.222222222222222,0.956521739130435
"chrk:990",0.434782608695652,0.571428571428571,1,0.4,0.4,1
"chrk:1149",0.676470588235294,0.185185185185185,0.315789473684211,1,1,0.333333333333333
"chrk:1182",0.375,1,0.136363636363636,1,0.125,1
"chrk:1345",0.555555555555556,0.636363636363636,0.655172413793103,0.0833333333333333,0.27027027027027,0.666666666666667
"chrk:1454",1,0.5,0.5,0.416666666666667,0.476190476190476,0.166666666666667
"chrk:1475",0.181818181818182,0.0555555555555556,0.411764705882353,0.692307692307692,0.875,0.0476190476190476
"chrk:1674",1,0.454545454545455,1,0.416666666666667,1,0.5
"chrk:1677",0.571428571428571,0.833333333333333,0.676470588235294,0.486486486486487,0,0.785714285714286
"chrk:1723",0.595238095238095,1,0.25,0.478260869565217,0.411764705882353,1
"chrk:1918",0.875,0.518518518518518,0.846153846153846,0.481481481481481,0.571428571428571,0.409090909090909
"chrk:1978",0.666666666666667,1,0.866666666666667,0.48,0.380952380952381,0.483870967741935
"chrk:2209",0.625,1,0.307692307692308,0.1,0,1
"chrk:2389",0.363636363636364,0.5,0.2,0.903225806451613,1,1
"chrk:2402",0.62962962962963,0.714285714285714,0.333333333333333,0.625,1,0.4375
"chrk:2458",0.48,1,0.290322580645161,1,0.681818181818182,0.285714285714286
"chrk:2492",0.206896551724138,0.95,0.0869565217391304,0.478260869565217,0.526315789473684,0.121212121212121
"chrk:2605",0.666666666666667,0.67741935483871,0.411764705882353,0.375,0.75,0.388888888888889
"chrk:2705",0.633333333333333,1,0.138888888888889,0.571428571428571,0.518518518518518,0.357142857142857
"chrk:2793",1,0.939393939393939,1,0.705882352941177,0.4,0.666666666666667
"chrk:2938",0.9375,0.5,0.5,0.5625,0.666666666666667,0.421052631578947
"chrk:2968",0.818181818181818,0.136363636363636,1,1,0.583333333333333,0.214285714285714
"chrk:3050",0.44,0,0.75,0.904761904761905,0.7,0.166666666666667
"chrk:3316",0.357142857142857,0.857142857142857,0.708333333333333,1,0.0384615384615385,1
"chrk:3479",1,0.388888888888889,0.592592592592593,0.375,0.625,1
"chrk:3484",1,0.657894736842105,0.666666666666667,0.85,0.206896551724138,0.363636363636364
"chrk:3632",0.615384615384615,0.5,0,0.478260869565217,0.208333333333333,0.75
"chrk:3678",0.333333333333333,0.457142857142857,0.615384615384615,0,0.181818181818182,0.366666666666667
"chrk:3753",0.777777777777778,0.78125,0.769230769230769,0.75,1,0.75
"chrk:3805",0.769230769230769,0.5625,0.571428571428571,1,1,0.685714285714286
"chrk:3847",0.714285714285714,0.294117647058824,0.1875,0,0.894736842105263,0
"chrk:3927",0.666666666666667,0.34375,0.1,0.5625,1,0.653846153846154
"chrk:4041",0.590909090909091,0.846153846153846,0.473684210526316,0.833333333333333,0.25,0.761904761904762
"chrk:4067",0.333333333333333,0.888888888888889,1,0.583333333333333,0.866666666666667,0.78125
"chrk:4253",0,0.2,0.32,0.523809523809524,0.722222222222222,0.294117647058824
"chrk:4371",1,0.529411764705882,0.827586206896552,0.6875,0.434782608695652,0.05
"chrk:4553",0.875,0.333333333333333,0.861111111111111,0.590909090909091,0.230769230769231,1
"chrk:4760",0.266666666666667,0.153846153846154,0.25,0.56,0.5,0.357142857142857
"chrk:4900",0.923076923076923,0.363636363636364,0.513513513513513,0.533333333333333,0,1
"chrk:5507",1,0.884615384615385,0.366666666666667,0.181818181818182,0.4,0.5
"chrk:5781",0.571428571428571,0.380952380952381,0.833333333333333,0.8,0.875,0.666666666666667
"chrk:5933",0.466666666666667,1,0.75,1,0.8,0.769230769230769
"chrk:5942",0.5,0.46875,0.285714285714286,0.666666666666667,0.625,0.5
"chrk:6133",0.5,1,0.0344827586206897,1,0.678571428571429,1
"chrk:6313",0.827586206896552,0.181818181818182,0.655172413793103,0.571428571428571,0.807692307692308,0.454545454545455
"chrk:6383",1,0.175,0.529411764705882,0.571428571428571,0.0769230769230769,1
"chrk:6546",0.526315789473684,0.421052631578947,0.548387096774194,0.851851851851852,0.533333333333333,0.774193548387097
"chrk:6554",0.428571428571429,0.233333333333333,0.375,0.5,0.805555555555556,0.157894736842105
"chrk:6643",0.5,1,0.34375,0.75,0.714285714285714,0.848484848484849
"chrk:6862",0.333333333333333,0.0555555555555556,0.357142857142857,0.361111111111111,0.517241379310345,0.678571428571429
"chrk:7042",0.230769230769231,0.04,0.6,1,0.842105263157895,0.611111111111111
"chrk:7052",0.947368421052632,0.46875,0.454545454545455,0.0666666666666667,0.291666666666667,0.529411764705882
"chrk:7343",0.35,0.55,0.5,0.4,0.346153846153846,0.137931034482759
"chrk:7377",1,0.181818181818182,0.818181818181818,0.807692307692308,0.6,0.451612903225806
"chrk:7393",0.304347826086957,1,0.48,0.5,0.181818181818182,1
"chrk:7449",0.818181818181818,0.84,0.384615384615385,0.4375,0.571428571428571,0.433333333333333
"chrk:7520",0.153846153846154,0.333333333333333,0.210526315789474,0.166666666666667,0.315789473684211,0.5625
"chrk:7598",0.25,0.333333333333333,0.0967741935483871,0.571428571428571,0.0909090909090909,0.523809523809524
"chrk:7640",0.766666666666667,0.142857142857143,0.230769230769231,0.121212121212121,0.3125,0.625
"chrk:7728",0.789473684210526,0.5,0.456521739130435,0.5,1,0.8
"chrk:7762",1,0.181818181818182,0.166666666666667,1,0.161290322580645,1
"chrk:7775",0.5,0.458333333333333,0,0.88,0,0.181818181818182
"chrk:7800",0.0869565217391304,0.4,0.909090909090909,0.875,0.235294117647059,0.714285714285714
"chrk:8180",0.5,0.684210526315789,0.5,0.05,0.238095238095238,0.590909090909091
"chrk:8238",1,1,0.354166666666667,0.2,0.5,0
"chrk:8276",1,0.45,0.625,0.703703703703704,1,0.105263157894737
"chrk:8277",0.380952380952381,0.5,0.321428571428571,0.136363636363636,0.2,0.862068965517241
"chrk:8417",0.0833333333333333,0.852941176470588,0.2,0.555555555555556,0.8,0.166666666666667
"chrk:8498",1,0.428571428571429,0.25,0.75,0.736842105263158,0.3
"chrk:8522",0.92,0.388888888888889,1,0,0.818181818181818,0.84
"chrk:8808",0.5,0.307692307692308,0.633333333333333,0.25,0.217391304347826,0.538461538461538
"chrk:8832",0.894736842105263,0.647058823529412,0.285714285714286,0.275,1,0.714285714285714
"chrk:8917",0.130434782608696,0.75,0.208333333333333,0.657142857142857,0.0909090909090909,0.2
"chrk:9055",0.0967741935483871,0.684210526315789,0.0714285714285714,0.352941176470588,0.5,0.653846153846154
"chrk:9104",0.344827586206897,0.538461538461538,0.2,1,0,0.296296296296296
"chrk:9144",0.2,0.454545454545455,1,1,0.0833333333333333,0.454545454545455
"chrk:9271",0.235294117647059,0.8125,0.636363636363636,1,0.5,1
"chrk:9354",0.0833333333333333,0.7,0.0769230769230769,0.4,0.304347826086957,1
"chrk:9363",0.588235294117647,0.441176470588235,0.62962962962963,0.125,0.153846153846154,0.608695652173913
"chrk:9496",0.739130434782609,1,0.470588235294118,0.875,0.666666666666667,1
"chrk:9586",0.176470588235294,0.888888888888889,0.6875,0.391304347826087,0.789473684210526,0.181818181818182
"chrk:9625",0.935483870967742,0.0555555555555556,0.764705882352941,0.944444444444444,0.954545454545455,0.538461538461538
"chrk:9648",0.3,0.55,0.529411764705882,0.857142857142857,0.307692307692308,0.476190476190476
"chrk:9680",0.363636363636364,0.5,1,0.3,0.5,0.5
"chrk:9701",0.764705882352941,1,0.151515151515152,0.75,0.535714285714286,0.2
"chrk:9703",0.0434782608695652,0.916666666666667,0.666666666666667,0.380952380952381,0.157894736842105,0.111111111111111
"chrk:9837",0.761904761904762,0.0666666666666667,0.933333333333333,0.571428571428571,0.363636363636364,0.894736842105263
"chrk:9988",0.8,0,1,0.923076923076923,0.363636363636364,0.590909090909091
